experiment_id,config_path,run_dir,residual_objective,dataset,num_columns,atoms_per_column,top_k,pinned_support,support_stress,hep_update_clip_norm,hep_settling_objective,step,phase,base_loss,residual_loss,loss_delta_from_initial,hep_alpha,hep_loss,max_hep_logit_delta_from_ordinary,hep_support_change_fraction,hep_pinned_vs_repicked_logit_delta,status
char_larger_hep_temporal_clipped_objective_gate_seed2,configs/char_larger_hep_temporal_clipped_objective_gate_seed2.yaml,results/comparisons/colab_support_width_larger_char_token_temporal_clipped_objective_gate_seed2/runs/char_larger_hep_temporal_clipped_objective_gate_seed2,supervised_ce,tiny_shakespeare_char,24,4,1,False,True,0.01,temporal_consistency_gradient,0,initial,3.65864587,3.65864587,0.00000000,,,,,,ok
char_larger_hep_temporal_clipped_objective_gate_seed2,configs/char_larger_hep_temporal_clipped_objective_gate_seed2.yaml,results/comparisons/colab_support_width_larger_char_token_temporal_clipped_objective_gate_seed2/runs/char_larger_hep_temporal_clipped_objective_gate_seed2,supervised_ce,tiny_shakespeare_char,24,4,1,False,True,0.01,temporal_consistency_gradient,1,residual_update,3.65864587,3.65031695,-0.00832892,,,,,,ok
char_larger_hep_temporal_clipped_objective_gate_seed2,configs/char_larger_hep_temporal_clipped_objective_gate_seed2.yaml,results/comparisons/colab_support_width_larger_char_token_temporal_clipped_objective_gate_seed2/runs/char_larger_hep_temporal_clipped_objective_gate_seed2,supervised_ce,tiny_shakespeare_char,24,4,1,False,True,0.01,temporal_consistency_gradient,2,residual_update,3.65864587,3.64207077,-0.01657510,,,,,,ok
char_larger_hep_temporal_clipped_objective_gate_seed2,configs/char_larger_hep_temporal_clipped_objective_gate_seed2.yaml,results/comparisons/colab_support_width_larger_char_token_temporal_clipped_objective_gate_seed2/runs/char_larger_hep_temporal_clipped_objective_gate_seed2,supervised_ce,tiny_shakespeare_char,24,4,1,False,True,0.01,temporal_consistency_gradient,3,residual_update,3.65864587,3.63390994,-0.02473593,,,,,,ok
char_larger_hep_temporal_clipped_objective_gate_seed2,configs/char_larger_hep_temporal_clipped_objective_gate_seed2.yaml,results/comparisons/colab_support_width_larger_char_token_temporal_clipped_objective_gate_seed2/runs/char_larger_hep_temporal_clipped_objective_gate_seed2,supervised_ce,tiny_shakespeare_char,24,4,1,False,True,0.01,temporal_consistency_gradient,4,residual_update,3.65864587,3.62583566,-0.03281021,,,,,,ok
char_larger_hep_temporal_clipped_objective_gate_seed2,configs/char_larger_hep_temporal_clipped_objective_gate_seed2.yaml,results/comparisons/colab_support_width_larger_char_token_temporal_clipped_objective_gate_seed2/runs/char_larger_hep_temporal_clipped_objective_gate_seed2,supervised_ce,tiny_shakespeare_char,24,4,1,False,True,0.01,temporal_consistency_gradient,5,residual_update,3.65864587,3.61785078,-0.04079509,,,,,,ok
char_larger_hep_temporal_clipped_objective_gate_seed2,configs/char_larger_hep_temporal_clipped_objective_gate_seed2.yaml,results/comparisons/colab_support_width_larger_char_token_temporal_clipped_objective_gate_seed2/runs/char_larger_hep_temporal_clipped_objective_gate_seed2,supervised_ce,tiny_shakespeare_char,24,4,1,False,True,0.01,temporal_consistency_gradient,6,residual_update,3.65864587,3.60995674,-0.04868913,,,,,,ok
char_larger_hep_temporal_clipped_objective_gate_seed2,configs/char_larger_hep_temporal_clipped_objective_gate_seed2.yaml,results/comparisons/colab_support_width_larger_char_token_temporal_clipped_objective_gate_seed2/runs/char_larger_hep_temporal_clipped_objective_gate_seed2,supervised_ce,tiny_shakespeare_char,24,4,1,False,True,0.01,temporal_consistency_gradient,7,residual_update,3.65864587,3.60215521,-0.05649066,,,,,,ok
char_larger_hep_temporal_clipped_objective_gate_seed2,configs/char_larger_hep_temporal_clipped_objective_gate_seed2.yaml,results/comparisons/colab_support_width_larger_char_token_temporal_clipped_objective_gate_seed2/runs/char_larger_hep_temporal_clipped_objective_gate_seed2,supervised_ce,tiny_shakespeare_char,24,4,1,False,True,0.01,temporal_consistency_gradient,8,residual_update,3.65864587,3.59444737,-0.06419850,,,,,,ok
char_larger_hep_temporal_clipped_objective_gate_seed2,configs/char_larger_hep_temporal_clipped_objective_gate_seed2.yaml,results/comparisons/colab_support_width_larger_char_token_temporal_clipped_objective_gate_seed2/runs/char_larger_hep_temporal_clipped_objective_gate_seed2,supervised_ce,tiny_shakespeare_char,24,4,1,False,True,0.01,temporal_consistency_gradient,9,residual_update,3.65864587,3.58683491,-0.07181096,,,,,,ok
char_larger_hep_temporal_clipped_objective_gate_seed2,configs/char_larger_hep_temporal_clipped_objective_gate_seed2.yaml,results/comparisons/colab_support_width_larger_char_token_temporal_clipped_objective_gate_seed2/runs/char_larger_hep_temporal_clipped_objective_gate_seed2,supervised_ce,tiny_shakespeare_char,24,4,1,False,True,0.01,temporal_consistency_gradient,10,residual_update,3.65864587,3.57931900,-0.07932687,,,,,,ok
char_larger_hep_temporal_clipped_objective_gate_seed2,configs/char_larger_hep_temporal_clipped_objective_gate_seed2.yaml,results/comparisons/colab_support_width_larger_char_token_temporal_clipped_objective_gate_seed2/runs/char_larger_hep_temporal_clipped_objective_gate_seed2,supervised_ce,tiny_shakespeare_char,24,4,1,False,True,0.01,temporal_consistency_gradient,11,residual_update,3.65864587,3.57190180,-0.08674407,,,,,,ok
char_larger_hep_temporal_clipped_objective_gate_seed2,configs/char_larger_hep_temporal_clipped_objective_gate_seed2.yaml,results/comparisons/colab_support_width_larger_char_token_temporal_clipped_objective_gate_seed2/runs/char_larger_hep_temporal_clipped_objective_gate_seed2,supervised_ce,tiny_shakespeare_char,24,4,1,False,True,0.01,temporal_consistency_gradient,12,residual_update,3.65864587,3.56458402,-0.09406185,,,,,,ok
char_larger_hep_temporal_clipped_objective_gate_seed2,configs/char_larger_hep_temporal_clipped_objective_gate_seed2.yaml,results/comparisons/colab_support_width_larger_char_token_temporal_clipped_objective_gate_seed2/runs/char_larger_hep_temporal_clipped_objective_gate_seed2,supervised_ce,tiny_shakespeare_char,24,4,1,False,True,0.01,temporal_consistency_gradient,13,residual_update,3.65864587,3.55736852,-0.10127735,,,,,,ok
char_larger_hep_temporal_clipped_objective_gate_seed2,configs/char_larger_hep_temporal_clipped_objective_gate_seed2.yaml,results/comparisons/colab_support_width_larger_char_token_temporal_clipped_objective_gate_seed2/runs/char_larger_hep_temporal_clipped_objective_gate_seed2,supervised_ce,tiny_shakespeare_char,24,4,1,False,True,0.01,temporal_consistency_gradient,14,residual_update,3.65864587,3.55025554,-0.10839033,,,,,,ok
char_larger_hep_temporal_clipped_objective_gate_seed2,configs/char_larger_hep_temporal_clipped_objective_gate_seed2.yaml,results/comparisons/colab_support_width_larger_char_token_temporal_clipped_objective_gate_seed2/runs/char_larger_hep_temporal_clipped_objective_gate_seed2,supervised_ce,tiny_shakespeare_char,24,4,1,False,True,0.01,temporal_consistency_gradient,15,residual_update,3.65864587,3.54324698,-0.11539889,,,,,,ok
char_larger_hep_temporal_clipped_objective_gate_seed2,configs/char_larger_hep_temporal_clipped_objective_gate_seed2.yaml,results/comparisons/colab_support_width_larger_char_token_temporal_clipped_objective_gate_seed2/runs/char_larger_hep_temporal_clipped_objective_gate_seed2,supervised_ce,tiny_shakespeare_char,24,4,1,False,True,0.01,temporal_consistency_gradient,16,residual_update,3.65864587,3.53634453,-0.12230134,,,,,,ok
char_larger_hep_temporal_clipped_objective_gate_seed2,configs/char_larger_hep_temporal_clipped_objective_gate_seed2.yaml,results/comparisons/colab_support_width_larger_char_token_temporal_clipped_objective_gate_seed2/runs/char_larger_hep_temporal_clipped_objective_gate_seed2,supervised_ce,tiny_shakespeare_char,24,4,1,False,True,0.01,temporal_consistency_gradient,17,residual_update,3.65864587,3.52954817,-0.12909770,,,,,,ok
char_larger_hep_temporal_clipped_objective_gate_seed2,configs/char_larger_hep_temporal_clipped_objective_gate_seed2.yaml,results/comparisons/colab_support_width_larger_char_token_temporal_clipped_objective_gate_seed2/runs/char_larger_hep_temporal_clipped_objective_gate_seed2,supervised_ce,tiny_shakespeare_char,24,4,1,False,True,0.01,temporal_consistency_gradient,18,residual_update,3.65864587,3.52286053,-0.13578534,,,,,,ok
char_larger_hep_temporal_clipped_objective_gate_seed2,configs/char_larger_hep_temporal_clipped_objective_gate_seed2.yaml,results/comparisons/colab_support_width_larger_char_token_temporal_clipped_objective_gate_seed2/runs/char_larger_hep_temporal_clipped_objective_gate_seed2,supervised_ce,tiny_shakespeare_char,24,4,1,False,True,0.01,temporal_consistency_gradient,19,residual_update,3.65864587,3.51628089,-0.14236498,,,,,,ok
char_larger_hep_temporal_clipped_objective_gate_seed2,configs/char_larger_hep_temporal_clipped_objective_gate_seed2.yaml,results/comparisons/colab_support_width_larger_char_token_temporal_clipped_objective_gate_seed2/runs/char_larger_hep_temporal_clipped_objective_gate_seed2,supervised_ce,tiny_shakespeare_char,24,4,1,False,True,0.01,temporal_consistency_gradient,20,residual_update,3.65864587,3.50981116,-0.14883471,,,,,,ok
char_larger_hep_temporal_clipped_objective_gate_seed2,configs/char_larger_hep_temporal_clipped_objective_gate_seed2.yaml,results/comparisons/colab_support_width_larger_char_token_temporal_clipped_objective_gate_seed2/runs/char_larger_hep_temporal_clipped_objective_gate_seed2,supervised_ce,tiny_shakespeare_char,24,4,1,False,True,0.01,temporal_consistency_gradient,21,residual_update,3.65864587,3.50345182,-0.15519405,,,,,,ok
char_larger_hep_temporal_clipped_objective_gate_seed2,configs/char_larger_hep_temporal_clipped_objective_gate_seed2.yaml,results/comparisons/colab_support_width_larger_char_token_temporal_clipped_objective_gate_seed2/runs/char_larger_hep_temporal_clipped_objective_gate_seed2,supervised_ce,tiny_shakespeare_char,24,4,1,False,True,0.01,temporal_consistency_gradient,22,residual_update,3.65864587,3.49720335,-0.16144252,,,,,,ok
char_larger_hep_temporal_clipped_objective_gate_seed2,configs/char_larger_hep_temporal_clipped_objective_gate_seed2.yaml,results/comparisons/colab_support_width_larger_char_token_temporal_clipped_objective_gate_seed2/runs/char_larger_hep_temporal_clipped_objective_gate_seed2,supervised_ce,tiny_shakespeare_char,24,4,1,False,True,0.01,temporal_consistency_gradient,23,residual_update,3.65864587,3.49106646,-0.16757941,,,,,,ok
char_larger_hep_temporal_clipped_objective_gate_seed2,configs/char_larger_hep_temporal_clipped_objective_gate_seed2.yaml,results/comparisons/colab_support_width_larger_char_token_temporal_clipped_objective_gate_seed2/runs/char_larger_hep_temporal_clipped_objective_gate_seed2,supervised_ce,tiny_shakespeare_char,24,4,1,False,True,0.01,temporal_consistency_gradient,24,residual_update,3.65864587,3.48504114,-0.17360473,,,,,,ok
char_larger_hep_temporal_clipped_objective_gate_seed2,configs/char_larger_hep_temporal_clipped_objective_gate_seed2.yaml,results/comparisons/colab_support_width_larger_char_token_temporal_clipped_objective_gate_seed2/runs/char_larger_hep_temporal_clipped_objective_gate_seed2,supervised_ce,tiny_shakespeare_char,24,4,1,False,True,0.01,temporal_consistency_gradient,25,residual_update,3.65864587,3.47912741,-0.17951846,,,,,,ok
char_larger_hep_temporal_clipped_objective_gate_seed2,configs/char_larger_hep_temporal_clipped_objective_gate_seed2.yaml,results/comparisons/colab_support_width_larger_char_token_temporal_clipped_objective_gate_seed2/runs/char_larger_hep_temporal_clipped_objective_gate_seed2,supervised_ce,tiny_shakespeare_char,24,4,1,False,True,0.01,temporal_consistency_gradient,26,residual_update,3.65864587,3.47332621,-0.18531966,,,,,,ok
char_larger_hep_temporal_clipped_objective_gate_seed2,configs/char_larger_hep_temporal_clipped_objective_gate_seed2.yaml,results/comparisons/colab_support_width_larger_char_token_temporal_clipped_objective_gate_seed2/runs/char_larger_hep_temporal_clipped_objective_gate_seed2,supervised_ce,tiny_shakespeare_char,24,4,1,False,True,0.01,temporal_consistency_gradient,27,residual_update,3.65864587,3.46763659,-0.19100928,,,,,,ok
char_larger_hep_temporal_clipped_objective_gate_seed2,configs/char_larger_hep_temporal_clipped_objective_gate_seed2.yaml,results/comparisons/colab_support_width_larger_char_token_temporal_clipped_objective_gate_seed2/runs/char_larger_hep_temporal_clipped_objective_gate_seed2,supervised_ce,tiny_shakespeare_char,24,4,1,False,True,0.01,temporal_consistency_gradient,28,residual_update,3.65864587,3.46205854,-0.19658733,,,,,,ok
char_larger_hep_temporal_clipped_objective_gate_seed2,configs/char_larger_hep_temporal_clipped_objective_gate_seed2.yaml,results/comparisons/colab_support_width_larger_char_token_temporal_clipped_objective_gate_seed2/runs/char_larger_hep_temporal_clipped_objective_gate_seed2,supervised_ce,tiny_shakespeare_char,24,4,1,False,True,0.01,temporal_consistency_gradient,29,residual_update,3.65864587,3.45659184,-0.20205403,,,,,,ok
char_larger_hep_temporal_clipped_objective_gate_seed2,configs/char_larger_hep_temporal_clipped_objective_gate_seed2.yaml,results/comparisons/colab_support_width_larger_char_token_temporal_clipped_objective_gate_seed2/runs/char_larger_hep_temporal_clipped_objective_gate_seed2,supervised_ce,tiny_shakespeare_char,24,4,1,False,True,0.01,temporal_consistency_gradient,30,residual_update,3.65864587,3.45123625,-0.20740962,,,,,,ok
char_larger_hep_temporal_clipped_objective_gate_seed2,configs/char_larger_hep_temporal_clipped_objective_gate_seed2.yaml,results/comparisons/colab_support_width_larger_char_token_temporal_clipped_objective_gate_seed2/runs/char_larger_hep_temporal_clipped_objective_gate_seed2,supervised_ce,tiny_shakespeare_char,24,4,1,False,True,0.01,temporal_consistency_gradient,31,residual_update,3.65864587,3.44599152,-0.21265435,,,,,,ok
char_larger_hep_temporal_clipped_objective_gate_seed2,configs/char_larger_hep_temporal_clipped_objective_gate_seed2.yaml,results/comparisons/colab_support_width_larger_char_token_temporal_clipped_objective_gate_seed2/runs/char_larger_hep_temporal_clipped_objective_gate_seed2,supervised_ce,tiny_shakespeare_char,24,4,1,False,True,0.01,temporal_consistency_gradient,32,residual_update,3.65864587,3.44085622,-0.21778965,,,,,,ok
char_larger_hep_temporal_clipped_objective_gate_seed2,configs/char_larger_hep_temporal_clipped_objective_gate_seed2.yaml,results/comparisons/colab_support_width_larger_char_token_temporal_clipped_objective_gate_seed2/runs/char_larger_hep_temporal_clipped_objective_gate_seed2,supervised_ce,tiny_shakespeare_char,24,4,1,False,True,0.01,temporal_consistency_gradient,33,residual_update,3.65864587,3.43582964,-0.22281623,,,,,,ok
char_larger_hep_temporal_clipped_objective_gate_seed2,configs/char_larger_hep_temporal_clipped_objective_gate_seed2.yaml,results/comparisons/colab_support_width_larger_char_token_temporal_clipped_objective_gate_seed2/runs/char_larger_hep_temporal_clipped_objective_gate_seed2,supervised_ce,tiny_shakespeare_char,24,4,1,False,True,0.01,temporal_consistency_gradient,34,residual_update,3.65864587,3.43091202,-0.22773385,,,,,,ok
char_larger_hep_temporal_clipped_objective_gate_seed2,configs/char_larger_hep_temporal_clipped_objective_gate_seed2.yaml,results/comparisons/colab_support_width_larger_char_token_temporal_clipped_objective_gate_seed2/runs/char_larger_hep_temporal_clipped_objective_gate_seed2,supervised_ce,tiny_shakespeare_char,24,4,1,False,True,0.01,temporal_consistency_gradient,35,residual_update,3.65864587,3.42610121,-0.23254466,,,,,,ok
char_larger_hep_temporal_clipped_objective_gate_seed2,configs/char_larger_hep_temporal_clipped_objective_gate_seed2.yaml,results/comparisons/colab_support_width_larger_char_token_temporal_clipped_objective_gate_seed2/runs/char_larger_hep_temporal_clipped_objective_gate_seed2,supervised_ce,tiny_shakespeare_char,24,4,1,False,True,0.01,temporal_consistency_gradient,36,residual_update,3.65864587,3.42139649,-0.23724938,,,,,,ok
char_larger_hep_temporal_clipped_objective_gate_seed2,configs/char_larger_hep_temporal_clipped_objective_gate_seed2.yaml,results/comparisons/colab_support_width_larger_char_token_temporal_clipped_objective_gate_seed2/runs/char_larger_hep_temporal_clipped_objective_gate_seed2,supervised_ce,tiny_shakespeare_char,24,4,1,False,True,0.01,temporal_consistency_gradient,37,residual_update,3.65864587,3.41679788,-0.24184799,,,,,,ok
char_larger_hep_temporal_clipped_objective_gate_seed2,configs/char_larger_hep_temporal_clipped_objective_gate_seed2.yaml,results/comparisons/colab_support_width_larger_char_token_temporal_clipped_objective_gate_seed2/runs/char_larger_hep_temporal_clipped_objective_gate_seed2,supervised_ce,tiny_shakespeare_char,24,4,1,False,True,0.01,temporal_consistency_gradient,38,residual_update,3.65864587,3.41230249,-0.24634338,,,,,,ok
char_larger_hep_temporal_clipped_objective_gate_seed2,configs/char_larger_hep_temporal_clipped_objective_gate_seed2.yaml,results/comparisons/colab_support_width_larger_char_token_temporal_clipped_objective_gate_seed2/runs/char_larger_hep_temporal_clipped_objective_gate_seed2,supervised_ce,tiny_shakespeare_char,24,4,1,False,True,0.01,temporal_consistency_gradient,39,residual_update,3.65864587,3.40790939,-0.25073648,,,,,,ok
char_larger_hep_temporal_clipped_objective_gate_seed2,configs/char_larger_hep_temporal_clipped_objective_gate_seed2.yaml,results/comparisons/colab_support_width_larger_char_token_temporal_clipped_objective_gate_seed2/runs/char_larger_hep_temporal_clipped_objective_gate_seed2,supervised_ce,tiny_shakespeare_char,24,4,1,False,True,0.01,temporal_consistency_gradient,40,residual_update,3.65864587,3.40361857,-0.25502730,,,,,,ok
char_larger_hep_temporal_clipped_objective_gate_seed2,configs/char_larger_hep_temporal_clipped_objective_gate_seed2.yaml,results/comparisons/colab_support_width_larger_char_token_temporal_clipped_objective_gate_seed2/runs/char_larger_hep_temporal_clipped_objective_gate_seed2,supervised_ce,tiny_shakespeare_char,24,4,1,False,True,0.01,temporal_consistency_gradient,41,residual_update,3.65864587,3.39942718,-0.25921869,,,,,,ok
char_larger_hep_temporal_clipped_objective_gate_seed2,configs/char_larger_hep_temporal_clipped_objective_gate_seed2.yaml,results/comparisons/colab_support_width_larger_char_token_temporal_clipped_objective_gate_seed2/runs/char_larger_hep_temporal_clipped_objective_gate_seed2,supervised_ce,tiny_shakespeare_char,24,4,1,False,True,0.01,temporal_consistency_gradient,42,residual_update,3.65864587,3.39533448,-0.26331139,,,,,,ok
char_larger_hep_temporal_clipped_objective_gate_seed2,configs/char_larger_hep_temporal_clipped_objective_gate_seed2.yaml,results/comparisons/colab_support_width_larger_char_token_temporal_clipped_objective_gate_seed2/runs/char_larger_hep_temporal_clipped_objective_gate_seed2,supervised_ce,tiny_shakespeare_char,24,4,1,False,True,0.01,temporal_consistency_gradient,43,residual_update,3.65864587,3.39133859,-0.26730728,,,,,,ok
char_larger_hep_temporal_clipped_objective_gate_seed2,configs/char_larger_hep_temporal_clipped_objective_gate_seed2.yaml,results/comparisons/colab_support_width_larger_char_token_temporal_clipped_objective_gate_seed2/runs/char_larger_hep_temporal_clipped_objective_gate_seed2,supervised_ce,tiny_shakespeare_char,24,4,1,False,True,0.01,temporal_consistency_gradient,44,residual_update,3.65864587,3.38743854,-0.27120733,,,,,,ok
char_larger_hep_temporal_clipped_objective_gate_seed2,configs/char_larger_hep_temporal_clipped_objective_gate_seed2.yaml,results/comparisons/colab_support_width_larger_char_token_temporal_clipped_objective_gate_seed2/runs/char_larger_hep_temporal_clipped_objective_gate_seed2,supervised_ce,tiny_shakespeare_char,24,4,1,False,True,0.01,temporal_consistency_gradient,45,residual_update,3.65864587,3.38363242,-0.27501345,,,,,,ok
char_larger_hep_temporal_clipped_objective_gate_seed2,configs/char_larger_hep_temporal_clipped_objective_gate_seed2.yaml,results/comparisons/colab_support_width_larger_char_token_temporal_clipped_objective_gate_seed2/runs/char_larger_hep_temporal_clipped_objective_gate_seed2,supervised_ce,tiny_shakespeare_char,24,4,1,False,True,0.01,temporal_consistency_gradient,46,residual_update,3.65864587,3.37991786,-0.27872801,,,,,,ok
char_larger_hep_temporal_clipped_objective_gate_seed2,configs/char_larger_hep_temporal_clipped_objective_gate_seed2.yaml,results/comparisons/colab_support_width_larger_char_token_temporal_clipped_objective_gate_seed2/runs/char_larger_hep_temporal_clipped_objective_gate_seed2,supervised_ce,tiny_shakespeare_char,24,4,1,False,True,0.01,temporal_consistency_gradient,47,residual_update,3.65864587,3.37629390,-0.28235197,,,,,,ok
char_larger_hep_temporal_clipped_objective_gate_seed2,configs/char_larger_hep_temporal_clipped_objective_gate_seed2.yaml,results/comparisons/colab_support_width_larger_char_token_temporal_clipped_objective_gate_seed2/runs/char_larger_hep_temporal_clipped_objective_gate_seed2,supervised_ce,tiny_shakespeare_char,24,4,1,False,True,0.01,temporal_consistency_gradient,48,residual_update,3.65864587,3.37275934,-0.28588653,,,,,,ok
char_larger_hep_temporal_clipped_objective_gate_seed2,configs/char_larger_hep_temporal_clipped_objective_gate_seed2.yaml,results/comparisons/colab_support_width_larger_char_token_temporal_clipped_objective_gate_seed2/runs/char_larger_hep_temporal_clipped_objective_gate_seed2,supervised_ce,tiny_shakespeare_char,24,4,1,False,True,0.01,temporal_consistency_gradient,49,residual_update,3.65864587,3.36931109,-0.28933478,,,,,,ok
char_larger_hep_temporal_clipped_objective_gate_seed2,configs/char_larger_hep_temporal_clipped_objective_gate_seed2.yaml,results/comparisons/colab_support_width_larger_char_token_temporal_clipped_objective_gate_seed2/runs/char_larger_hep_temporal_clipped_objective_gate_seed2,supervised_ce,tiny_shakespeare_char,24,4,1,False,True,0.01,temporal_consistency_gradient,50,residual_update,3.65864587,3.36594748,-0.29269839,,,,,,ok
char_larger_hep_temporal_clipped_objective_gate_seed2,configs/char_larger_hep_temporal_clipped_objective_gate_seed2.yaml,results/comparisons/colab_support_width_larger_char_token_temporal_clipped_objective_gate_seed2/runs/char_larger_hep_temporal_clipped_objective_gate_seed2,supervised_ce,tiny_shakespeare_char,24,4,1,False,True,0.01,temporal_consistency_gradient,50,hep_sweep,3.65864587,3.36594748,-0.29269839,0.00000000,3.36594748,0.00000000,0.00000000,0.00000000,ok
char_larger_hep_temporal_clipped_objective_gate_seed2,configs/char_larger_hep_temporal_clipped_objective_gate_seed2.yaml,results/comparisons/colab_support_width_larger_char_token_temporal_clipped_objective_gate_seed2/runs/char_larger_hep_temporal_clipped_objective_gate_seed2,supervised_ce,tiny_shakespeare_char,24,4,1,False,True,0.01,temporal_consistency_gradient,50,hep_sweep,3.65864587,3.36594748,-0.29269839,0.25000000,3.36594224,0.00008410,0.00000000,0.00000000,ok
char_larger_hep_temporal_clipped_objective_gate_seed2,configs/char_larger_hep_temporal_clipped_objective_gate_seed2.yaml,results/comparisons/colab_support_width_larger_char_token_temporal_clipped_objective_gate_seed2/runs/char_larger_hep_temporal_clipped_objective_gate_seed2,supervised_ce,tiny_shakespeare_char,24,4,1,False,True,0.01,temporal_consistency_gradient,50,hep_sweep,3.65864587,3.36594748,-0.29269839,0.50000000,3.36593652,0.00016826,0.00000000,0.00000000,ok
char_larger_hep_temporal_clipped_objective_gate_seed2,configs/char_larger_hep_temporal_clipped_objective_gate_seed2.yaml,results/comparisons/colab_support_width_larger_char_token_temporal_clipped_objective_gate_seed2/runs/char_larger_hep_temporal_clipped_objective_gate_seed2,supervised_ce,tiny_shakespeare_char,24,4,1,False,True,0.01,temporal_consistency_gradient,50,hep_sweep,3.65864587,3.36594748,-0.29269839,1.00000000,3.36592674,0.00033659,0.00000000,0.00000000,ok
char_larger_support_wide_hep_temporal_clipped_objective_gate_seed2,configs/char_larger_support_wide_hep_temporal_clipped_objective_gate_seed2.yaml,results/comparisons/colab_support_width_larger_char_token_temporal_clipped_objective_gate_seed2/runs/char_larger_support_wide_hep_temporal_clipped_objective_gate_seed2,supervised_ce,tiny_shakespeare_char,24,4,2,False,True,0.01,temporal_consistency_gradient,0,initial,3.65864587,3.65864587,0.00000000,,,,,,ok
char_larger_support_wide_hep_temporal_clipped_objective_gate_seed2,configs/char_larger_support_wide_hep_temporal_clipped_objective_gate_seed2.yaml,results/comparisons/colab_support_width_larger_char_token_temporal_clipped_objective_gate_seed2/runs/char_larger_support_wide_hep_temporal_clipped_objective_gate_seed2,supervised_ce,tiny_shakespeare_char,24,4,2,False,True,0.01,temporal_consistency_gradient,1,residual_update,3.65864587,3.65031695,-0.00832892,,,,,,ok
char_larger_support_wide_hep_temporal_clipped_objective_gate_seed2,configs/char_larger_support_wide_hep_temporal_clipped_objective_gate_seed2.yaml,results/comparisons/colab_support_width_larger_char_token_temporal_clipped_objective_gate_seed2/runs/char_larger_support_wide_hep_temporal_clipped_objective_gate_seed2,supervised_ce,tiny_shakespeare_char,24,4,2,False,True,0.01,temporal_consistency_gradient,2,residual_update,3.65864587,3.64211178,-0.01653409,,,,,,ok
char_larger_support_wide_hep_temporal_clipped_objective_gate_seed2,configs/char_larger_support_wide_hep_temporal_clipped_objective_gate_seed2.yaml,results/comparisons/colab_support_width_larger_char_token_temporal_clipped_objective_gate_seed2/runs/char_larger_support_wide_hep_temporal_clipped_objective_gate_seed2,supervised_ce,tiny_shakespeare_char,24,4,2,False,True,0.01,temporal_consistency_gradient,3,residual_update,3.65864587,3.63430643,-0.02433944,,,,,,ok
char_larger_support_wide_hep_temporal_clipped_objective_gate_seed2,configs/char_larger_support_wide_hep_temporal_clipped_objective_gate_seed2.yaml,results/comparisons/colab_support_width_larger_char_token_temporal_clipped_objective_gate_seed2/runs/char_larger_support_wide_hep_temporal_clipped_objective_gate_seed2,supervised_ce,tiny_shakespeare_char,24,4,2,False,True,0.01,temporal_consistency_gradient,4,residual_update,3.65864587,3.63896394,-0.01968193,,,,,,ok
char_larger_support_wide_hep_temporal_clipped_objective_gate_seed2,configs/char_larger_support_wide_hep_temporal_clipped_objective_gate_seed2.yaml,results/comparisons/colab_support_width_larger_char_token_temporal_clipped_objective_gate_seed2/runs/char_larger_support_wide_hep_temporal_clipped_objective_gate_seed2,supervised_ce,tiny_shakespeare_char,24,4,2,False,True,0.01,temporal_consistency_gradient,5,residual_update,3.65864587,3.63043094,-0.02821493,,,,,,ok
char_larger_support_wide_hep_temporal_clipped_objective_gate_seed2,configs/char_larger_support_wide_hep_temporal_clipped_objective_gate_seed2.yaml,results/comparisons/colab_support_width_larger_char_token_temporal_clipped_objective_gate_seed2/runs/char_larger_support_wide_hep_temporal_clipped_objective_gate_seed2,supervised_ce,tiny_shakespeare_char,24,4,2,False,True,0.01,temporal_consistency_gradient,6,residual_update,3.65864587,3.61901903,-0.03962684,,,,,,ok
char_larger_support_wide_hep_temporal_clipped_objective_gate_seed2,configs/char_larger_support_wide_hep_temporal_clipped_objective_gate_seed2.yaml,results/comparisons/colab_support_width_larger_char_token_temporal_clipped_objective_gate_seed2/runs/char_larger_support_wide_hep_temporal_clipped_objective_gate_seed2,supervised_ce,tiny_shakespeare_char,24,4,2,False,True,0.01,temporal_consistency_gradient,7,residual_update,3.65864587,3.60934114,-0.04930473,,,,,,ok
char_larger_support_wide_hep_temporal_clipped_objective_gate_seed2,configs/char_larger_support_wide_hep_temporal_clipped_objective_gate_seed2.yaml,results/comparisons/colab_support_width_larger_char_token_temporal_clipped_objective_gate_seed2/runs/char_larger_support_wide_hep_temporal_clipped_objective_gate_seed2,supervised_ce,tiny_shakespeare_char,24,4,2,False,True,0.01,temporal_consistency_gradient,8,residual_update,3.65864587,3.59978318,-0.05886269,,,,,,ok
char_larger_support_wide_hep_temporal_clipped_objective_gate_seed2,configs/char_larger_support_wide_hep_temporal_clipped_objective_gate_seed2.yaml,results/comparisons/colab_support_width_larger_char_token_temporal_clipped_objective_gate_seed2/runs/char_larger_support_wide_hep_temporal_clipped_objective_gate_seed2,supervised_ce,tiny_shakespeare_char,24,4,2,False,True,0.01,temporal_consistency_gradient,9,residual_update,3.65864587,3.59200430,-0.06664157,,,,,,ok
char_larger_support_wide_hep_temporal_clipped_objective_gate_seed2,configs/char_larger_support_wide_hep_temporal_clipped_objective_gate_seed2.yaml,results/comparisons/colab_support_width_larger_char_token_temporal_clipped_objective_gate_seed2/runs/char_larger_support_wide_hep_temporal_clipped_objective_gate_seed2,supervised_ce,tiny_shakespeare_char,24,4,2,False,True,0.01,temporal_consistency_gradient,10,residual_update,3.65864587,3.58289790,-0.07574797,,,,,,ok
char_larger_support_wide_hep_temporal_clipped_objective_gate_seed2,configs/char_larger_support_wide_hep_temporal_clipped_objective_gate_seed2.yaml,results/comparisons/colab_support_width_larger_char_token_temporal_clipped_objective_gate_seed2/runs/char_larger_support_wide_hep_temporal_clipped_objective_gate_seed2,supervised_ce,tiny_shakespeare_char,24,4,2,False,True,0.01,temporal_consistency_gradient,11,residual_update,3.65864587,3.57510900,-0.08353687,,,,,,ok
char_larger_support_wide_hep_temporal_clipped_objective_gate_seed2,configs/char_larger_support_wide_hep_temporal_clipped_objective_gate_seed2.yaml,results/comparisons/colab_support_width_larger_char_token_temporal_clipped_objective_gate_seed2/runs/char_larger_support_wide_hep_temporal_clipped_objective_gate_seed2,supervised_ce,tiny_shakespeare_char,24,4,2,False,True,0.01,temporal_consistency_gradient,12,residual_update,3.65864587,3.56663561,-0.09201026,,,,,,ok
char_larger_support_wide_hep_temporal_clipped_objective_gate_seed2,configs/char_larger_support_wide_hep_temporal_clipped_objective_gate_seed2.yaml,results/comparisons/colab_support_width_larger_char_token_temporal_clipped_objective_gate_seed2/runs/char_larger_support_wide_hep_temporal_clipped_objective_gate_seed2,supervised_ce,tiny_shakespeare_char,24,4,2,False,True,0.01,temporal_consistency_gradient,13,residual_update,3.65864587,3.55743480,-0.10121107,,,,,,ok
char_larger_support_wide_hep_temporal_clipped_objective_gate_seed2,configs/char_larger_support_wide_hep_temporal_clipped_objective_gate_seed2.yaml,results/comparisons/colab_support_width_larger_char_token_temporal_clipped_objective_gate_seed2/runs/char_larger_support_wide_hep_temporal_clipped_objective_gate_seed2,supervised_ce,tiny_shakespeare_char,24,4,2,False,True,0.01,temporal_consistency_gradient,14,residual_update,3.65864587,3.54881573,-0.10983014,,,,,,ok
char_larger_support_wide_hep_temporal_clipped_objective_gate_seed2,configs/char_larger_support_wide_hep_temporal_clipped_objective_gate_seed2.yaml,results/comparisons/colab_support_width_larger_char_token_temporal_clipped_objective_gate_seed2/runs/char_larger_support_wide_hep_temporal_clipped_objective_gate_seed2,supervised_ce,tiny_shakespeare_char,24,4,2,False,True,0.01,temporal_consistency_gradient,15,residual_update,3.65864587,3.54028869,-0.11835718,,,,,,ok
char_larger_support_wide_hep_temporal_clipped_objective_gate_seed2,configs/char_larger_support_wide_hep_temporal_clipped_objective_gate_seed2.yaml,results/comparisons/colab_support_width_larger_char_token_temporal_clipped_objective_gate_seed2/runs/char_larger_support_wide_hep_temporal_clipped_objective_gate_seed2,supervised_ce,tiny_shakespeare_char,24,4,2,False,True,0.01,temporal_consistency_gradient,16,residual_update,3.65864587,3.53144503,-0.12720084,,,,,,ok
char_larger_support_wide_hep_temporal_clipped_objective_gate_seed2,configs/char_larger_support_wide_hep_temporal_clipped_objective_gate_seed2.yaml,results/comparisons/colab_support_width_larger_char_token_temporal_clipped_objective_gate_seed2/runs/char_larger_support_wide_hep_temporal_clipped_objective_gate_seed2,supervised_ce,tiny_shakespeare_char,24,4,2,False,True,0.01,temporal_consistency_gradient,17,residual_update,3.65864587,3.52265334,-0.13599253,,,,,,ok
char_larger_support_wide_hep_temporal_clipped_objective_gate_seed2,configs/char_larger_support_wide_hep_temporal_clipped_objective_gate_seed2.yaml,results/comparisons/colab_support_width_larger_char_token_temporal_clipped_objective_gate_seed2/runs/char_larger_support_wide_hep_temporal_clipped_objective_gate_seed2,supervised_ce,tiny_shakespeare_char,24,4,2,False,True,0.01,temporal_consistency_gradient,18,residual_update,3.65864587,3.51395154,-0.14469433,,,,,,ok
char_larger_support_wide_hep_temporal_clipped_objective_gate_seed2,configs/char_larger_support_wide_hep_temporal_clipped_objective_gate_seed2.yaml,results/comparisons/colab_support_width_larger_char_token_temporal_clipped_objective_gate_seed2/runs/char_larger_support_wide_hep_temporal_clipped_objective_gate_seed2,supervised_ce,tiny_shakespeare_char,24,4,2,False,True,0.01,temporal_consistency_gradient,19,residual_update,3.65864587,3.50508237,-0.15356350,,,,,,ok
char_larger_support_wide_hep_temporal_clipped_objective_gate_seed2,configs/char_larger_support_wide_hep_temporal_clipped_objective_gate_seed2.yaml,results/comparisons/colab_support_width_larger_char_token_temporal_clipped_objective_gate_seed2/runs/char_larger_support_wide_hep_temporal_clipped_objective_gate_seed2,supervised_ce,tiny_shakespeare_char,24,4,2,False,True,0.01,temporal_consistency_gradient,20,residual_update,3.65864587,3.49594522,-0.16270065,,,,,,ok
char_larger_support_wide_hep_temporal_clipped_objective_gate_seed2,configs/char_larger_support_wide_hep_temporal_clipped_objective_gate_seed2.yaml,results/comparisons/colab_support_width_larger_char_token_temporal_clipped_objective_gate_seed2/runs/char_larger_support_wide_hep_temporal_clipped_objective_gate_seed2,supervised_ce,tiny_shakespeare_char,24,4,2,False,True,0.01,temporal_consistency_gradient,21,residual_update,3.65864587,3.48651552,-0.17213035,,,,,,ok
char_larger_support_wide_hep_temporal_clipped_objective_gate_seed2,configs/char_larger_support_wide_hep_temporal_clipped_objective_gate_seed2.yaml,results/comparisons/colab_support_width_larger_char_token_temporal_clipped_objective_gate_seed2/runs/char_larger_support_wide_hep_temporal_clipped_objective_gate_seed2,supervised_ce,tiny_shakespeare_char,24,4,2,False,True,0.01,temporal_consistency_gradient,22,residual_update,3.65864587,3.47701788,-0.18162799,,,,,,ok
char_larger_support_wide_hep_temporal_clipped_objective_gate_seed2,configs/char_larger_support_wide_hep_temporal_clipped_objective_gate_seed2.yaml,results/comparisons/colab_support_width_larger_char_token_temporal_clipped_objective_gate_seed2/runs/char_larger_support_wide_hep_temporal_clipped_objective_gate_seed2,supervised_ce,tiny_shakespeare_char,24,4,2,False,True,0.01,temporal_consistency_gradient,23,residual_update,3.65864587,3.46853757,-0.19010830,,,,,,ok
char_larger_support_wide_hep_temporal_clipped_objective_gate_seed2,configs/char_larger_support_wide_hep_temporal_clipped_objective_gate_seed2.yaml,results/comparisons/colab_support_width_larger_char_token_temporal_clipped_objective_gate_seed2/runs/char_larger_support_wide_hep_temporal_clipped_objective_gate_seed2,supervised_ce,tiny_shakespeare_char,24,4,2,False,True,0.01,temporal_consistency_gradient,24,residual_update,3.65864587,3.45857215,-0.20007372,,,,,,ok
char_larger_support_wide_hep_temporal_clipped_objective_gate_seed2,configs/char_larger_support_wide_hep_temporal_clipped_objective_gate_seed2.yaml,results/comparisons/colab_support_width_larger_char_token_temporal_clipped_objective_gate_seed2/runs/char_larger_support_wide_hep_temporal_clipped_objective_gate_seed2,supervised_ce,tiny_shakespeare_char,24,4,2,False,True,0.01,temporal_consistency_gradient,25,residual_update,3.65864587,3.44880533,-0.20984054,,,,,,ok
char_larger_support_wide_hep_temporal_clipped_objective_gate_seed2,configs/char_larger_support_wide_hep_temporal_clipped_objective_gate_seed2.yaml,results/comparisons/colab_support_width_larger_char_token_temporal_clipped_objective_gate_seed2/runs/char_larger_support_wide_hep_temporal_clipped_objective_gate_seed2,supervised_ce,tiny_shakespeare_char,24,4,2,False,True,0.01,temporal_consistency_gradient,26,residual_update,3.65864587,3.43895555,-0.21969032,,,,,,ok
char_larger_support_wide_hep_temporal_clipped_objective_gate_seed2,configs/char_larger_support_wide_hep_temporal_clipped_objective_gate_seed2.yaml,results/comparisons/colab_support_width_larger_char_token_temporal_clipped_objective_gate_seed2/runs/char_larger_support_wide_hep_temporal_clipped_objective_gate_seed2,supervised_ce,tiny_shakespeare_char,24,4,2,False,True,0.01,temporal_consistency_gradient,27,residual_update,3.65864587,3.42973399,-0.22891188,,,,,,ok
char_larger_support_wide_hep_temporal_clipped_objective_gate_seed2,configs/char_larger_support_wide_hep_temporal_clipped_objective_gate_seed2.yaml,results/comparisons/colab_support_width_larger_char_token_temporal_clipped_objective_gate_seed2/runs/char_larger_support_wide_hep_temporal_clipped_objective_gate_seed2,supervised_ce,tiny_shakespeare_char,24,4,2,False,True,0.01,temporal_consistency_gradient,28,residual_update,3.65864587,3.42048264,-0.23816323,,,,,,ok
char_larger_support_wide_hep_temporal_clipped_objective_gate_seed2,configs/char_larger_support_wide_hep_temporal_clipped_objective_gate_seed2.yaml,results/comparisons/colab_support_width_larger_char_token_temporal_clipped_objective_gate_seed2/runs/char_larger_support_wide_hep_temporal_clipped_objective_gate_seed2,supervised_ce,tiny_shakespeare_char,24,4,2,False,True,0.01,temporal_consistency_gradient,29,residual_update,3.65864587,3.41113615,-0.24750972,,,,,,ok
char_larger_support_wide_hep_temporal_clipped_objective_gate_seed2,configs/char_larger_support_wide_hep_temporal_clipped_objective_gate_seed2.yaml,results/comparisons/colab_support_width_larger_char_token_temporal_clipped_objective_gate_seed2/runs/char_larger_support_wide_hep_temporal_clipped_objective_gate_seed2,supervised_ce,tiny_shakespeare_char,24,4,2,False,True,0.01,temporal_consistency_gradient,30,residual_update,3.65864587,3.40166831,-0.25697756,,,,,,ok
char_larger_support_wide_hep_temporal_clipped_objective_gate_seed2,configs/char_larger_support_wide_hep_temporal_clipped_objective_gate_seed2.yaml,results/comparisons/colab_support_width_larger_char_token_temporal_clipped_objective_gate_seed2/runs/char_larger_support_wide_hep_temporal_clipped_objective_gate_seed2,supervised_ce,tiny_shakespeare_char,24,4,2,False,True,0.01,temporal_consistency_gradient,31,residual_update,3.65864587,3.39201379,-0.26663208,,,,,,ok
char_larger_support_wide_hep_temporal_clipped_objective_gate_seed2,configs/char_larger_support_wide_hep_temporal_clipped_objective_gate_seed2.yaml,results/comparisons/colab_support_width_larger_char_token_temporal_clipped_objective_gate_seed2/runs/char_larger_support_wide_hep_temporal_clipped_objective_gate_seed2,supervised_ce,tiny_shakespeare_char,24,4,2,False,True,0.01,temporal_consistency_gradient,32,residual_update,3.65864587,3.38189411,-0.27675176,,,,,,ok
char_larger_support_wide_hep_temporal_clipped_objective_gate_seed2,configs/char_larger_support_wide_hep_temporal_clipped_objective_gate_seed2.yaml,results/comparisons/colab_support_width_larger_char_token_temporal_clipped_objective_gate_seed2/runs/char_larger_support_wide_hep_temporal_clipped_objective_gate_seed2,supervised_ce,tiny_shakespeare_char,24,4,2,False,True,0.01,temporal_consistency_gradient,33,residual_update,3.65864587,3.37110639,-0.28753948,,,,,,ok
char_larger_support_wide_hep_temporal_clipped_objective_gate_seed2,configs/char_larger_support_wide_hep_temporal_clipped_objective_gate_seed2.yaml,results/comparisons/colab_support_width_larger_char_token_temporal_clipped_objective_gate_seed2/runs/char_larger_support_wide_hep_temporal_clipped_objective_gate_seed2,supervised_ce,tiny_shakespeare_char,24,4,2,False,True,0.01,temporal_consistency_gradient,34,residual_update,3.65864587,3.36002994,-0.29861593,,,,,,ok
char_larger_support_wide_hep_temporal_clipped_objective_gate_seed2,configs/char_larger_support_wide_hep_temporal_clipped_objective_gate_seed2.yaml,results/comparisons/colab_support_width_larger_char_token_temporal_clipped_objective_gate_seed2/runs/char_larger_support_wide_hep_temporal_clipped_objective_gate_seed2,supervised_ce,tiny_shakespeare_char,24,4,2,False,True,0.01,temporal_consistency_gradient,35,residual_update,3.65864587,3.34926105,-0.30938482,,,,,,ok
char_larger_support_wide_hep_temporal_clipped_objective_gate_seed2,configs/char_larger_support_wide_hep_temporal_clipped_objective_gate_seed2.yaml,results/comparisons/colab_support_width_larger_char_token_temporal_clipped_objective_gate_seed2/runs/char_larger_support_wide_hep_temporal_clipped_objective_gate_seed2,supervised_ce,tiny_shakespeare_char,24,4,2,False,True,0.01,temporal_consistency_gradient,36,residual_update,3.65864587,3.33899403,-0.31965184,,,,,,ok
char_larger_support_wide_hep_temporal_clipped_objective_gate_seed2,configs/char_larger_support_wide_hep_temporal_clipped_objective_gate_seed2.yaml,results/comparisons/colab_support_width_larger_char_token_temporal_clipped_objective_gate_seed2/runs/char_larger_support_wide_hep_temporal_clipped_objective_gate_seed2,supervised_ce,tiny_shakespeare_char,24,4,2,False,True,0.01,temporal_consistency_gradient,37,residual_update,3.65864587,3.32896662,-0.32967925,,,,,,ok
char_larger_support_wide_hep_temporal_clipped_objective_gate_seed2,configs/char_larger_support_wide_hep_temporal_clipped_objective_gate_seed2.yaml,results/comparisons/colab_support_width_larger_char_token_temporal_clipped_objective_gate_seed2/runs/char_larger_support_wide_hep_temporal_clipped_objective_gate_seed2,supervised_ce,tiny_shakespeare_char,24,4,2,False,True,0.01,temporal_consistency_gradient,38,residual_update,3.65864587,3.31886363,-0.33978224,,,,,,ok
char_larger_support_wide_hep_temporal_clipped_objective_gate_seed2,configs/char_larger_support_wide_hep_temporal_clipped_objective_gate_seed2.yaml,results/comparisons/colab_support_width_larger_char_token_temporal_clipped_objective_gate_seed2/runs/char_larger_support_wide_hep_temporal_clipped_objective_gate_seed2,supervised_ce,tiny_shakespeare_char,24,4,2,False,True,0.01,temporal_consistency_gradient,39,residual_update,3.65864587,3.30865359,-0.34999228,,,,,,ok
char_larger_support_wide_hep_temporal_clipped_objective_gate_seed2,configs/char_larger_support_wide_hep_temporal_clipped_objective_gate_seed2.yaml,results/comparisons/colab_support_width_larger_char_token_temporal_clipped_objective_gate_seed2/runs/char_larger_support_wide_hep_temporal_clipped_objective_gate_seed2,supervised_ce,tiny_shakespeare_char,24,4,2,False,True,0.01,temporal_consistency_gradient,40,residual_update,3.65864587,3.29828525,-0.36036062,,,,,,ok
char_larger_support_wide_hep_temporal_clipped_objective_gate_seed2,configs/char_larger_support_wide_hep_temporal_clipped_objective_gate_seed2.yaml,results/comparisons/colab_support_width_larger_char_token_temporal_clipped_objective_gate_seed2/runs/char_larger_support_wide_hep_temporal_clipped_objective_gate_seed2,supervised_ce,tiny_shakespeare_char,24,4,2,False,True,0.01,temporal_consistency_gradient,41,residual_update,3.65864587,3.28815198,-0.37049389,,,,,,ok
char_larger_support_wide_hep_temporal_clipped_objective_gate_seed2,configs/char_larger_support_wide_hep_temporal_clipped_objective_gate_seed2.yaml,results/comparisons/colab_support_width_larger_char_token_temporal_clipped_objective_gate_seed2/runs/char_larger_support_wide_hep_temporal_clipped_objective_gate_seed2,supervised_ce,tiny_shakespeare_char,24,4,2,False,True,0.01,temporal_consistency_gradient,42,residual_update,3.65864587,3.27850103,-0.38014484,,,,,,ok
char_larger_support_wide_hep_temporal_clipped_objective_gate_seed2,configs/char_larger_support_wide_hep_temporal_clipped_objective_gate_seed2.yaml,results/comparisons/colab_support_width_larger_char_token_temporal_clipped_objective_gate_seed2/runs/char_larger_support_wide_hep_temporal_clipped_objective_gate_seed2,supervised_ce,tiny_shakespeare_char,24,4,2,False,True,0.01,temporal_consistency_gradient,43,residual_update,3.65864587,3.26914120,-0.38950467,,,,,,ok
char_larger_support_wide_hep_temporal_clipped_objective_gate_seed2,configs/char_larger_support_wide_hep_temporal_clipped_objective_gate_seed2.yaml,results/comparisons/colab_support_width_larger_char_token_temporal_clipped_objective_gate_seed2/runs/char_larger_support_wide_hep_temporal_clipped_objective_gate_seed2,supervised_ce,tiny_shakespeare_char,24,4,2,False,True,0.01,temporal_consistency_gradient,44,residual_update,3.65864587,3.26002121,-0.39862466,,,,,,ok
char_larger_support_wide_hep_temporal_clipped_objective_gate_seed2,configs/char_larger_support_wide_hep_temporal_clipped_objective_gate_seed2.yaml,results/comparisons/colab_support_width_larger_char_token_temporal_clipped_objective_gate_seed2/runs/char_larger_support_wide_hep_temporal_clipped_objective_gate_seed2,supervised_ce,tiny_shakespeare_char,24,4,2,False,True,0.01,temporal_consistency_gradient,45,residual_update,3.65864587,3.25103092,-0.40761495,,,,,,ok
char_larger_support_wide_hep_temporal_clipped_objective_gate_seed2,configs/char_larger_support_wide_hep_temporal_clipped_objective_gate_seed2.yaml,results/comparisons/colab_support_width_larger_char_token_temporal_clipped_objective_gate_seed2/runs/char_larger_support_wide_hep_temporal_clipped_objective_gate_seed2,supervised_ce,tiny_shakespeare_char,24,4,2,False,True,0.01,temporal_consistency_gradient,46,residual_update,3.65864587,3.24219322,-0.41645265,,,,,,ok
char_larger_support_wide_hep_temporal_clipped_objective_gate_seed2,configs/char_larger_support_wide_hep_temporal_clipped_objective_gate_seed2.yaml,results/comparisons/colab_support_width_larger_char_token_temporal_clipped_objective_gate_seed2/runs/char_larger_support_wide_hep_temporal_clipped_objective_gate_seed2,supervised_ce,tiny_shakespeare_char,24,4,2,False,True,0.01,temporal_consistency_gradient,47,residual_update,3.65864587,3.23349190,-0.42515397,,,,,,ok
char_larger_support_wide_hep_temporal_clipped_objective_gate_seed2,configs/char_larger_support_wide_hep_temporal_clipped_objective_gate_seed2.yaml,results/comparisons/colab_support_width_larger_char_token_temporal_clipped_objective_gate_seed2/runs/char_larger_support_wide_hep_temporal_clipped_objective_gate_seed2,supervised_ce,tiny_shakespeare_char,24,4,2,False,True,0.01,temporal_consistency_gradient,48,residual_update,3.65864587,3.22490382,-0.43374205,,,,,,ok
char_larger_support_wide_hep_temporal_clipped_objective_gate_seed2,configs/char_larger_support_wide_hep_temporal_clipped_objective_gate_seed2.yaml,results/comparisons/colab_support_width_larger_char_token_temporal_clipped_objective_gate_seed2/runs/char_larger_support_wide_hep_temporal_clipped_objective_gate_seed2,supervised_ce,tiny_shakespeare_char,24,4,2,False,True,0.01,temporal_consistency_gradient,49,residual_update,3.65864587,3.21642089,-0.44222498,,,,,,ok
char_larger_support_wide_hep_temporal_clipped_objective_gate_seed2,configs/char_larger_support_wide_hep_temporal_clipped_objective_gate_seed2.yaml,results/comparisons/colab_support_width_larger_char_token_temporal_clipped_objective_gate_seed2/runs/char_larger_support_wide_hep_temporal_clipped_objective_gate_seed2,supervised_ce,tiny_shakespeare_char,24,4,2,False,True,0.01,temporal_consistency_gradient,50,residual_update,3.65864587,3.20794559,-0.45070028,,,,,,ok
char_larger_support_wide_hep_temporal_clipped_objective_gate_seed2,configs/char_larger_support_wide_hep_temporal_clipped_objective_gate_seed2.yaml,results/comparisons/colab_support_width_larger_char_token_temporal_clipped_objective_gate_seed2/runs/char_larger_support_wide_hep_temporal_clipped_objective_gate_seed2,supervised_ce,tiny_shakespeare_char,24,4,2,False,True,0.01,temporal_consistency_gradient,50,hep_sweep,3.65864587,3.20794559,-0.45070028,0.00000000,3.20794559,0.00000000,0.28320312,0.00000000,ok
char_larger_support_wide_hep_temporal_clipped_objective_gate_seed2,configs/char_larger_support_wide_hep_temporal_clipped_objective_gate_seed2.yaml,results/comparisons/colab_support_width_larger_char_token_temporal_clipped_objective_gate_seed2/runs/char_larger_support_wide_hep_temporal_clipped_objective_gate_seed2,supervised_ce,tiny_shakespeare_char,24,4,2,False,True,0.01,temporal_consistency_gradient,50,hep_sweep,3.65864587,3.20794559,-0.45070028,0.25000000,3.20794654,0.00011444,0.28320312,0.00007227,ok
char_larger_support_wide_hep_temporal_clipped_objective_gate_seed2,configs/char_larger_support_wide_hep_temporal_clipped_objective_gate_seed2.yaml,results/comparisons/colab_support_width_larger_char_token_temporal_clipped_objective_gate_seed2/runs/char_larger_support_wide_hep_temporal_clipped_objective_gate_seed2,supervised_ce,tiny_shakespeare_char,24,4,2,False,True,0.01,temporal_consistency_gradient,50,hep_sweep,3.65864587,3.20794559,-0.45070028,0.50000000,3.20794749,0.00022793,0.28320312,0.00014451,ok
char_larger_support_wide_hep_temporal_clipped_objective_gate_seed2,configs/char_larger_support_wide_hep_temporal_clipped_objective_gate_seed2.yaml,results/comparisons/colab_support_width_larger_char_token_temporal_clipped_objective_gate_seed2/runs/char_larger_support_wide_hep_temporal_clipped_objective_gate_seed2,supervised_ce,tiny_shakespeare_char,24,4,2,False,True,0.01,temporal_consistency_gradient,50,hep_sweep,3.65864587,3.20794559,-0.45070028,1.00000000,3.20794940,0.00045705,0.28320312,0.00028951,ok
token_larger_hep_temporal_clipped_objective_gate_seed2,configs/token_larger_hep_temporal_clipped_objective_gate_seed2.yaml,results/comparisons/colab_support_width_larger_char_token_temporal_clipped_objective_gate_seed2/runs/token_larger_hep_temporal_clipped_objective_gate_seed2,supervised_ce,tiny_shakespeare_word,24,4,1,False,True,0.01,temporal_consistency_gradient,0,initial,4.23026133,4.23026133,0.00000000,,,,,,ok
token_larger_hep_temporal_clipped_objective_gate_seed2,configs/token_larger_hep_temporal_clipped_objective_gate_seed2.yaml,results/comparisons/colab_support_width_larger_char_token_temporal_clipped_objective_gate_seed2/runs/token_larger_hep_temporal_clipped_objective_gate_seed2,supervised_ce,tiny_shakespeare_word,24,4,1,False,True,0.01,temporal_consistency_gradient,1,residual_update,4.23026133,4.22666264,-0.00359869,,,,,,ok
token_larger_hep_temporal_clipped_objective_gate_seed2,configs/token_larger_hep_temporal_clipped_objective_gate_seed2.yaml,results/comparisons/colab_support_width_larger_char_token_temporal_clipped_objective_gate_seed2/runs/token_larger_hep_temporal_clipped_objective_gate_seed2,supervised_ce,tiny_shakespeare_word,24,4,1,False,True,0.01,temporal_consistency_gradient,2,residual_update,4.23026133,4.22314835,-0.00711298,,,,,,ok
token_larger_hep_temporal_clipped_objective_gate_seed2,configs/token_larger_hep_temporal_clipped_objective_gate_seed2.yaml,results/comparisons/colab_support_width_larger_char_token_temporal_clipped_objective_gate_seed2/runs/token_larger_hep_temporal_clipped_objective_gate_seed2,supervised_ce,tiny_shakespeare_word,24,4,1,False,True,0.01,temporal_consistency_gradient,3,residual_update,4.23026133,4.21972179,-0.01053954,,,,,,ok
token_larger_hep_temporal_clipped_objective_gate_seed2,configs/token_larger_hep_temporal_clipped_objective_gate_seed2.yaml,results/comparisons/colab_support_width_larger_char_token_temporal_clipped_objective_gate_seed2/runs/token_larger_hep_temporal_clipped_objective_gate_seed2,supervised_ce,tiny_shakespeare_word,24,4,1,False,True,0.01,temporal_consistency_gradient,4,residual_update,4.23026133,4.21638203,-0.01387930,,,,,,ok
token_larger_hep_temporal_clipped_objective_gate_seed2,configs/token_larger_hep_temporal_clipped_objective_gate_seed2.yaml,results/comparisons/colab_support_width_larger_char_token_temporal_clipped_objective_gate_seed2/runs/token_larger_hep_temporal_clipped_objective_gate_seed2,supervised_ce,tiny_shakespeare_word,24,4,1,False,True,0.01,temporal_consistency_gradient,5,residual_update,4.23026133,4.21313334,-0.01712799,,,,,,ok
token_larger_hep_temporal_clipped_objective_gate_seed2,configs/token_larger_hep_temporal_clipped_objective_gate_seed2.yaml,results/comparisons/colab_support_width_larger_char_token_temporal_clipped_objective_gate_seed2/runs/token_larger_hep_temporal_clipped_objective_gate_seed2,supervised_ce,tiny_shakespeare_word,24,4,1,False,True,0.01,temporal_consistency_gradient,6,residual_update,4.23026133,4.20997238,-0.02028895,,,,,,ok
token_larger_hep_temporal_clipped_objective_gate_seed2,configs/token_larger_hep_temporal_clipped_objective_gate_seed2.yaml,results/comparisons/colab_support_width_larger_char_token_temporal_clipped_objective_gate_seed2/runs/token_larger_hep_temporal_clipped_objective_gate_seed2,supervised_ce,tiny_shakespeare_word,24,4,1,False,True,0.01,temporal_consistency_gradient,7,residual_update,4.23026133,4.20690441,-0.02335692,,,,,,ok
token_larger_hep_temporal_clipped_objective_gate_seed2,configs/token_larger_hep_temporal_clipped_objective_gate_seed2.yaml,results/comparisons/colab_support_width_larger_char_token_temporal_clipped_objective_gate_seed2/runs/token_larger_hep_temporal_clipped_objective_gate_seed2,supervised_ce,tiny_shakespeare_word,24,4,1,False,True,0.01,temporal_consistency_gradient,8,residual_update,4.23026133,4.20392895,-0.02633238,,,,,,ok
token_larger_hep_temporal_clipped_objective_gate_seed2,configs/token_larger_hep_temporal_clipped_objective_gate_seed2.yaml,results/comparisons/colab_support_width_larger_char_token_temporal_clipped_objective_gate_seed2/runs/token_larger_hep_temporal_clipped_objective_gate_seed2,supervised_ce,tiny_shakespeare_word,24,4,1,False,True,0.01,temporal_consistency_gradient,9,residual_update,4.23026133,4.20104694,-0.02921439,,,,,,ok
token_larger_hep_temporal_clipped_objective_gate_seed2,configs/token_larger_hep_temporal_clipped_objective_gate_seed2.yaml,results/comparisons/colab_support_width_larger_char_token_temporal_clipped_objective_gate_seed2/runs/token_larger_hep_temporal_clipped_objective_gate_seed2,supervised_ce,tiny_shakespeare_word,24,4,1,False,True,0.01,temporal_consistency_gradient,10,residual_update,4.23026133,4.19825840,-0.03200293,,,,,,ok
token_larger_hep_temporal_clipped_objective_gate_seed2,configs/token_larger_hep_temporal_clipped_objective_gate_seed2.yaml,results/comparisons/colab_support_width_larger_char_token_temporal_clipped_objective_gate_seed2/runs/token_larger_hep_temporal_clipped_objective_gate_seed2,supervised_ce,tiny_shakespeare_word,24,4,1,False,True,0.01,temporal_consistency_gradient,11,residual_update,4.23026133,4.19556284,-0.03469849,,,,,,ok
token_larger_hep_temporal_clipped_objective_gate_seed2,configs/token_larger_hep_temporal_clipped_objective_gate_seed2.yaml,results/comparisons/colab_support_width_larger_char_token_temporal_clipped_objective_gate_seed2/runs/token_larger_hep_temporal_clipped_objective_gate_seed2,supervised_ce,tiny_shakespeare_word,24,4,1,False,True,0.01,temporal_consistency_gradient,12,residual_update,4.23026133,4.19295979,-0.03730154,,,,,,ok
token_larger_hep_temporal_clipped_objective_gate_seed2,configs/token_larger_hep_temporal_clipped_objective_gate_seed2.yaml,results/comparisons/colab_support_width_larger_char_token_temporal_clipped_objective_gate_seed2/runs/token_larger_hep_temporal_clipped_objective_gate_seed2,supervised_ce,tiny_shakespeare_word,24,4,1,False,True,0.01,temporal_consistency_gradient,13,residual_update,4.23026133,4.19044828,-0.03981305,,,,,,ok
token_larger_hep_temporal_clipped_objective_gate_seed2,configs/token_larger_hep_temporal_clipped_objective_gate_seed2.yaml,results/comparisons/colab_support_width_larger_char_token_temporal_clipped_objective_gate_seed2/runs/token_larger_hep_temporal_clipped_objective_gate_seed2,supervised_ce,tiny_shakespeare_word,24,4,1,False,True,0.01,temporal_consistency_gradient,14,residual_update,4.23026133,4.18802834,-0.04223299,,,,,,ok
token_larger_hep_temporal_clipped_objective_gate_seed2,configs/token_larger_hep_temporal_clipped_objective_gate_seed2.yaml,results/comparisons/colab_support_width_larger_char_token_temporal_clipped_objective_gate_seed2/runs/token_larger_hep_temporal_clipped_objective_gate_seed2,supervised_ce,tiny_shakespeare_word,24,4,1,False,True,0.01,temporal_consistency_gradient,15,residual_update,4.23026133,4.18569803,-0.04456330,,,,,,ok
token_larger_hep_temporal_clipped_objective_gate_seed2,configs/token_larger_hep_temporal_clipped_objective_gate_seed2.yaml,results/comparisons/colab_support_width_larger_char_token_temporal_clipped_objective_gate_seed2/runs/token_larger_hep_temporal_clipped_objective_gate_seed2,supervised_ce,tiny_shakespeare_word,24,4,1,False,True,0.01,temporal_consistency_gradient,16,residual_update,4.23026133,4.18345690,-0.04680443,,,,,,ok
token_larger_hep_temporal_clipped_objective_gate_seed2,configs/token_larger_hep_temporal_clipped_objective_gate_seed2.yaml,results/comparisons/colab_support_width_larger_char_token_temporal_clipped_objective_gate_seed2/runs/token_larger_hep_temporal_clipped_objective_gate_seed2,supervised_ce,tiny_shakespeare_word,24,4,1,False,True,0.01,temporal_consistency_gradient,17,residual_update,4.23026133,4.18130207,-0.04895926,,,,,,ok
token_larger_hep_temporal_clipped_objective_gate_seed2,configs/token_larger_hep_temporal_clipped_objective_gate_seed2.yaml,results/comparisons/colab_support_width_larger_char_token_temporal_clipped_objective_gate_seed2/runs/token_larger_hep_temporal_clipped_objective_gate_seed2,supervised_ce,tiny_shakespeare_word,24,4,1,False,True,0.01,temporal_consistency_gradient,18,residual_update,4.23026133,4.17923403,-0.05102730,,,,,,ok
token_larger_hep_temporal_clipped_objective_gate_seed2,configs/token_larger_hep_temporal_clipped_objective_gate_seed2.yaml,results/comparisons/colab_support_width_larger_char_token_temporal_clipped_objective_gate_seed2/runs/token_larger_hep_temporal_clipped_objective_gate_seed2,supervised_ce,tiny_shakespeare_word,24,4,1,False,True,0.01,temporal_consistency_gradient,19,residual_update,4.23026133,4.17724895,-0.05301238,,,,,,ok
token_larger_hep_temporal_clipped_objective_gate_seed2,configs/token_larger_hep_temporal_clipped_objective_gate_seed2.yaml,results/comparisons/colab_support_width_larger_char_token_temporal_clipped_objective_gate_seed2/runs/token_larger_hep_temporal_clipped_objective_gate_seed2,supervised_ce,tiny_shakespeare_word,24,4,1,False,True,0.01,temporal_consistency_gradient,20,residual_update,4.23026133,4.17534590,-0.05491543,,,,,,ok
token_larger_hep_temporal_clipped_objective_gate_seed2,configs/token_larger_hep_temporal_clipped_objective_gate_seed2.yaml,results/comparisons/colab_support_width_larger_char_token_temporal_clipped_objective_gate_seed2/runs/token_larger_hep_temporal_clipped_objective_gate_seed2,supervised_ce,tiny_shakespeare_word,24,4,1,False,True,0.01,temporal_consistency_gradient,21,residual_update,4.23026133,4.17352200,-0.05673933,,,,,,ok
token_larger_hep_temporal_clipped_objective_gate_seed2,configs/token_larger_hep_temporal_clipped_objective_gate_seed2.yaml,results/comparisons/colab_support_width_larger_char_token_temporal_clipped_objective_gate_seed2/runs/token_larger_hep_temporal_clipped_objective_gate_seed2,supervised_ce,tiny_shakespeare_word,24,4,1,False,True,0.01,temporal_consistency_gradient,22,residual_update,4.23026133,4.17177629,-0.05848504,,,,,,ok
token_larger_hep_temporal_clipped_objective_gate_seed2,configs/token_larger_hep_temporal_clipped_objective_gate_seed2.yaml,results/comparisons/colab_support_width_larger_char_token_temporal_clipped_objective_gate_seed2/runs/token_larger_hep_temporal_clipped_objective_gate_seed2,supervised_ce,tiny_shakespeare_word,24,4,1,False,True,0.01,temporal_consistency_gradient,23,residual_update,4.23026133,4.17010403,-0.06015730,,,,,,ok
token_larger_hep_temporal_clipped_objective_gate_seed2,configs/token_larger_hep_temporal_clipped_objective_gate_seed2.yaml,results/comparisons/colab_support_width_larger_char_token_temporal_clipped_objective_gate_seed2/runs/token_larger_hep_temporal_clipped_objective_gate_seed2,supervised_ce,tiny_shakespeare_word,24,4,1,False,True,0.01,temporal_consistency_gradient,24,residual_update,4.23026133,4.16850519,-0.06175614,,,,,,ok
token_larger_hep_temporal_clipped_objective_gate_seed2,configs/token_larger_hep_temporal_clipped_objective_gate_seed2.yaml,results/comparisons/colab_support_width_larger_char_token_temporal_clipped_objective_gate_seed2/runs/token_larger_hep_temporal_clipped_objective_gate_seed2,supervised_ce,tiny_shakespeare_word,24,4,1,False,True,0.01,temporal_consistency_gradient,25,residual_update,4.23026133,4.16697502,-0.06328631,,,,,,ok
token_larger_hep_temporal_clipped_objective_gate_seed2,configs/token_larger_hep_temporal_clipped_objective_gate_seed2.yaml,results/comparisons/colab_support_width_larger_char_token_temporal_clipped_objective_gate_seed2/runs/token_larger_hep_temporal_clipped_objective_gate_seed2,supervised_ce,tiny_shakespeare_word,24,4,1,False,True,0.01,temporal_consistency_gradient,26,residual_update,4.23026133,4.16551161,-0.06474972,,,,,,ok
token_larger_hep_temporal_clipped_objective_gate_seed2,configs/token_larger_hep_temporal_clipped_objective_gate_seed2.yaml,results/comparisons/colab_support_width_larger_char_token_temporal_clipped_objective_gate_seed2/runs/token_larger_hep_temporal_clipped_objective_gate_seed2,supervised_ce,tiny_shakespeare_word,24,4,1,False,True,0.01,temporal_consistency_gradient,27,residual_update,4.23026133,4.16411400,-0.06614733,,,,,,ok
token_larger_hep_temporal_clipped_objective_gate_seed2,configs/token_larger_hep_temporal_clipped_objective_gate_seed2.yaml,results/comparisons/colab_support_width_larger_char_token_temporal_clipped_objective_gate_seed2/runs/token_larger_hep_temporal_clipped_objective_gate_seed2,supervised_ce,tiny_shakespeare_word,24,4,1,False,True,0.01,temporal_consistency_gradient,28,residual_update,4.23026133,4.16277695,-0.06748438,,,,,,ok
token_larger_hep_temporal_clipped_objective_gate_seed2,configs/token_larger_hep_temporal_clipped_objective_gate_seed2.yaml,results/comparisons/colab_support_width_larger_char_token_temporal_clipped_objective_gate_seed2/runs/token_larger_hep_temporal_clipped_objective_gate_seed2,supervised_ce,tiny_shakespeare_word,24,4,1,False,True,0.01,temporal_consistency_gradient,29,residual_update,4.23026133,4.16149902,-0.06876231,,,,,,ok
token_larger_hep_temporal_clipped_objective_gate_seed2,configs/token_larger_hep_temporal_clipped_objective_gate_seed2.yaml,results/comparisons/colab_support_width_larger_char_token_temporal_clipped_objective_gate_seed2/runs/token_larger_hep_temporal_clipped_objective_gate_seed2,supervised_ce,tiny_shakespeare_word,24,4,1,False,True,0.01,temporal_consistency_gradient,30,residual_update,4.23026133,4.16027927,-0.06998206,,,,,,ok
token_larger_hep_temporal_clipped_objective_gate_seed2,configs/token_larger_hep_temporal_clipped_objective_gate_seed2.yaml,results/comparisons/colab_support_width_larger_char_token_temporal_clipped_objective_gate_seed2/runs/token_larger_hep_temporal_clipped_objective_gate_seed2,supervised_ce,tiny_shakespeare_word,24,4,1,False,True,0.01,temporal_consistency_gradient,31,residual_update,4.23026133,4.15911341,-0.07114792,,,,,,ok
token_larger_hep_temporal_clipped_objective_gate_seed2,configs/token_larger_hep_temporal_clipped_objective_gate_seed2.yaml,results/comparisons/colab_support_width_larger_char_token_temporal_clipped_objective_gate_seed2/runs/token_larger_hep_temporal_clipped_objective_gate_seed2,supervised_ce,tiny_shakespeare_word,24,4,1,False,True,0.01,temporal_consistency_gradient,32,residual_update,4.23026133,4.15799809,-0.07226324,,,,,,ok
token_larger_hep_temporal_clipped_objective_gate_seed2,configs/token_larger_hep_temporal_clipped_objective_gate_seed2.yaml,results/comparisons/colab_support_width_larger_char_token_temporal_clipped_objective_gate_seed2/runs/token_larger_hep_temporal_clipped_objective_gate_seed2,supervised_ce,tiny_shakespeare_word,24,4,1,False,True,0.01,temporal_consistency_gradient,33,residual_update,4.23026133,4.15693378,-0.07332755,,,,,,ok
token_larger_hep_temporal_clipped_objective_gate_seed2,configs/token_larger_hep_temporal_clipped_objective_gate_seed2.yaml,results/comparisons/colab_support_width_larger_char_token_temporal_clipped_objective_gate_seed2/runs/token_larger_hep_temporal_clipped_objective_gate_seed2,supervised_ce,tiny_shakespeare_word,24,4,1,False,True,0.01,temporal_consistency_gradient,34,residual_update,4.23026133,4.15591574,-0.07434559,,,,,,ok
token_larger_hep_temporal_clipped_objective_gate_seed2,configs/token_larger_hep_temporal_clipped_objective_gate_seed2.yaml,results/comparisons/colab_support_width_larger_char_token_temporal_clipped_objective_gate_seed2/runs/token_larger_hep_temporal_clipped_objective_gate_seed2,supervised_ce,tiny_shakespeare_word,24,4,1,False,True,0.01,temporal_consistency_gradient,35,residual_update,4.23026133,4.15494394,-0.07531739,,,,,,ok
token_larger_hep_temporal_clipped_objective_gate_seed2,configs/token_larger_hep_temporal_clipped_objective_gate_seed2.yaml,results/comparisons/colab_support_width_larger_char_token_temporal_clipped_objective_gate_seed2/runs/token_larger_hep_temporal_clipped_objective_gate_seed2,supervised_ce,tiny_shakespeare_word,24,4,1,False,True,0.01,temporal_consistency_gradient,36,residual_update,4.23026133,4.15401602,-0.07624531,,,,,,ok
token_larger_hep_temporal_clipped_objective_gate_seed2,configs/token_larger_hep_temporal_clipped_objective_gate_seed2.yaml,results/comparisons/colab_support_width_larger_char_token_temporal_clipped_objective_gate_seed2/runs/token_larger_hep_temporal_clipped_objective_gate_seed2,supervised_ce,tiny_shakespeare_word,24,4,1,False,True,0.01,temporal_consistency_gradient,37,residual_update,4.23026133,4.15312767,-0.07713366,,,,,,ok
token_larger_hep_temporal_clipped_objective_gate_seed2,configs/token_larger_hep_temporal_clipped_objective_gate_seed2.yaml,results/comparisons/colab_support_width_larger_char_token_temporal_clipped_objective_gate_seed2/runs/token_larger_hep_temporal_clipped_objective_gate_seed2,supervised_ce,tiny_shakespeare_word,24,4,1,False,True,0.01,temporal_consistency_gradient,38,residual_update,4.23026133,4.15227842,-0.07798291,,,,,,ok
token_larger_hep_temporal_clipped_objective_gate_seed2,configs/token_larger_hep_temporal_clipped_objective_gate_seed2.yaml,results/comparisons/colab_support_width_larger_char_token_temporal_clipped_objective_gate_seed2/runs/token_larger_hep_temporal_clipped_objective_gate_seed2,supervised_ce,tiny_shakespeare_word,24,4,1,False,True,0.01,temporal_consistency_gradient,39,residual_update,4.23026133,4.15146685,-0.07879448,,,,,,ok
token_larger_hep_temporal_clipped_objective_gate_seed2,configs/token_larger_hep_temporal_clipped_objective_gate_seed2.yaml,results/comparisons/colab_support_width_larger_char_token_temporal_clipped_objective_gate_seed2/runs/token_larger_hep_temporal_clipped_objective_gate_seed2,supervised_ce,tiny_shakespeare_word,24,4,1,False,True,0.01,temporal_consistency_gradient,40,residual_update,4.23026133,4.15069056,-0.07957077,,,,,,ok
token_larger_hep_temporal_clipped_objective_gate_seed2,configs/token_larger_hep_temporal_clipped_objective_gate_seed2.yaml,results/comparisons/colab_support_width_larger_char_token_temporal_clipped_objective_gate_seed2/runs/token_larger_hep_temporal_clipped_objective_gate_seed2,supervised_ce,tiny_shakespeare_word,24,4,1,False,True,0.01,temporal_consistency_gradient,41,residual_update,4.23026133,4.14994717,-0.08031416,,,,,,ok
token_larger_hep_temporal_clipped_objective_gate_seed2,configs/token_larger_hep_temporal_clipped_objective_gate_seed2.yaml,results/comparisons/colab_support_width_larger_char_token_temporal_clipped_objective_gate_seed2/runs/token_larger_hep_temporal_clipped_objective_gate_seed2,supervised_ce,tiny_shakespeare_word,24,4,1,False,True,0.01,temporal_consistency_gradient,42,residual_update,4.23026133,4.14923668,-0.08102465,,,,,,ok
token_larger_hep_temporal_clipped_objective_gate_seed2,configs/token_larger_hep_temporal_clipped_objective_gate_seed2.yaml,results/comparisons/colab_support_width_larger_char_token_temporal_clipped_objective_gate_seed2/runs/token_larger_hep_temporal_clipped_objective_gate_seed2,supervised_ce,tiny_shakespeare_word,24,4,1,False,True,0.01,temporal_consistency_gradient,43,residual_update,4.23026133,4.14855671,-0.08170462,,,,,,ok
token_larger_hep_temporal_clipped_objective_gate_seed2,configs/token_larger_hep_temporal_clipped_objective_gate_seed2.yaml,results/comparisons/colab_support_width_larger_char_token_temporal_clipped_objective_gate_seed2/runs/token_larger_hep_temporal_clipped_objective_gate_seed2,supervised_ce,tiny_shakespeare_word,24,4,1,False,True,0.01,temporal_consistency_gradient,44,residual_update,4.23026133,4.14790440,-0.08235693,,,,,,ok
token_larger_hep_temporal_clipped_objective_gate_seed2,configs/token_larger_hep_temporal_clipped_objective_gate_seed2.yaml,results/comparisons/colab_support_width_larger_char_token_temporal_clipped_objective_gate_seed2/runs/token_larger_hep_temporal_clipped_objective_gate_seed2,supervised_ce,tiny_shakespeare_word,24,4,1,False,True,0.01,temporal_consistency_gradient,45,residual_update,4.23026133,4.14727974,-0.08298159,,,,,,ok
token_larger_hep_temporal_clipped_objective_gate_seed2,configs/token_larger_hep_temporal_clipped_objective_gate_seed2.yaml,results/comparisons/colab_support_width_larger_char_token_temporal_clipped_objective_gate_seed2/runs/token_larger_hep_temporal_clipped_objective_gate_seed2,supervised_ce,tiny_shakespeare_word,24,4,1,False,True,0.01,temporal_consistency_gradient,46,residual_update,4.23026133,4.14668131,-0.08358002,,,,,,ok
token_larger_hep_temporal_clipped_objective_gate_seed2,configs/token_larger_hep_temporal_clipped_objective_gate_seed2.yaml,results/comparisons/colab_support_width_larger_char_token_temporal_clipped_objective_gate_seed2/runs/token_larger_hep_temporal_clipped_objective_gate_seed2,supervised_ce,tiny_shakespeare_word,24,4,1,False,True,0.01,temporal_consistency_gradient,47,residual_update,4.23026133,4.14610624,-0.08415509,,,,,,ok
token_larger_hep_temporal_clipped_objective_gate_seed2,configs/token_larger_hep_temporal_clipped_objective_gate_seed2.yaml,results/comparisons/colab_support_width_larger_char_token_temporal_clipped_objective_gate_seed2/runs/token_larger_hep_temporal_clipped_objective_gate_seed2,supervised_ce,tiny_shakespeare_word,24,4,1,False,True,0.01,temporal_consistency_gradient,48,residual_update,4.23026133,4.14555454,-0.08470679,,,,,,ok
token_larger_hep_temporal_clipped_objective_gate_seed2,configs/token_larger_hep_temporal_clipped_objective_gate_seed2.yaml,results/comparisons/colab_support_width_larger_char_token_temporal_clipped_objective_gate_seed2/runs/token_larger_hep_temporal_clipped_objective_gate_seed2,supervised_ce,tiny_shakespeare_word,24,4,1,False,True,0.01,temporal_consistency_gradient,49,residual_update,4.23026133,4.14502621,-0.08523512,,,,,,ok
token_larger_hep_temporal_clipped_objective_gate_seed2,configs/token_larger_hep_temporal_clipped_objective_gate_seed2.yaml,results/comparisons/colab_support_width_larger_char_token_temporal_clipped_objective_gate_seed2/runs/token_larger_hep_temporal_clipped_objective_gate_seed2,supervised_ce,tiny_shakespeare_word,24,4,1,False,True,0.01,temporal_consistency_gradient,50,residual_update,4.23026133,4.14451742,-0.08574391,,,,,,ok
token_larger_hep_temporal_clipped_objective_gate_seed2,configs/token_larger_hep_temporal_clipped_objective_gate_seed2.yaml,results/comparisons/colab_support_width_larger_char_token_temporal_clipped_objective_gate_seed2/runs/token_larger_hep_temporal_clipped_objective_gate_seed2,supervised_ce,tiny_shakespeare_word,24,4,1,False,True,0.01,temporal_consistency_gradient,50,hep_sweep,4.23026133,4.14451742,-0.08574391,0.00000000,4.14451742,0.00000000,0.00000000,0.00000000,ok
token_larger_hep_temporal_clipped_objective_gate_seed2,configs/token_larger_hep_temporal_clipped_objective_gate_seed2.yaml,results/comparisons/colab_support_width_larger_char_token_temporal_clipped_objective_gate_seed2/runs/token_larger_hep_temporal_clipped_objective_gate_seed2,supervised_ce,tiny_shakespeare_word,24,4,1,False,True,0.01,temporal_consistency_gradient,50,hep_sweep,4.23026133,4.14451742,-0.08574391,0.25000000,4.14450169,0.00022990,0.00000000,0.00000000,ok
token_larger_hep_temporal_clipped_objective_gate_seed2,configs/token_larger_hep_temporal_clipped_objective_gate_seed2.yaml,results/comparisons/colab_support_width_larger_char_token_temporal_clipped_objective_gate_seed2/runs/token_larger_hep_temporal_clipped_objective_gate_seed2,supervised_ce,tiny_shakespeare_word,24,4,1,False,True,0.01,temporal_consistency_gradient,50,hep_sweep,4.23026133,4.14451742,-0.08574391,0.50000000,4.14448500,0.00045943,0.00000000,0.00000000,ok
token_larger_hep_temporal_clipped_objective_gate_seed2,configs/token_larger_hep_temporal_clipped_objective_gate_seed2.yaml,results/comparisons/colab_support_width_larger_char_token_temporal_clipped_objective_gate_seed2/runs/token_larger_hep_temporal_clipped_objective_gate_seed2,supervised_ce,tiny_shakespeare_word,24,4,1,False,True,0.01,temporal_consistency_gradient,50,hep_sweep,4.23026133,4.14451742,-0.08574391,1.00000000,4.14445305,0.00091887,0.00000000,0.00000000,ok
token_larger_support_wide_hep_temporal_clipped_objective_gate_seed2,configs/token_larger_support_wide_hep_temporal_clipped_objective_gate_seed2.yaml,results/comparisons/colab_support_width_larger_char_token_temporal_clipped_objective_gate_seed2/runs/token_larger_support_wide_hep_temporal_clipped_objective_gate_seed2,supervised_ce,tiny_shakespeare_word,24,4,2,False,True,0.01,temporal_consistency_gradient,0,initial,4.23026133,4.23026133,0.00000000,,,,,,ok
token_larger_support_wide_hep_temporal_clipped_objective_gate_seed2,configs/token_larger_support_wide_hep_temporal_clipped_objective_gate_seed2.yaml,results/comparisons/colab_support_width_larger_char_token_temporal_clipped_objective_gate_seed2/runs/token_larger_support_wide_hep_temporal_clipped_objective_gate_seed2,supervised_ce,tiny_shakespeare_word,24,4,2,False,True,0.01,temporal_consistency_gradient,1,residual_update,4.23026133,4.22666216,-0.00359917,,,,,,ok
token_larger_support_wide_hep_temporal_clipped_objective_gate_seed2,configs/token_larger_support_wide_hep_temporal_clipped_objective_gate_seed2.yaml,results/comparisons/colab_support_width_larger_char_token_temporal_clipped_objective_gate_seed2/runs/token_larger_support_wide_hep_temporal_clipped_objective_gate_seed2,supervised_ce,tiny_shakespeare_word,24,4,2,False,True,0.01,temporal_consistency_gradient,2,residual_update,4.23026133,4.22317696,-0.00708437,,,,,,ok
token_larger_support_wide_hep_temporal_clipped_objective_gate_seed2,configs/token_larger_support_wide_hep_temporal_clipped_objective_gate_seed2.yaml,results/comparisons/colab_support_width_larger_char_token_temporal_clipped_objective_gate_seed2/runs/token_larger_support_wide_hep_temporal_clipped_objective_gate_seed2,supervised_ce,tiny_shakespeare_word,24,4,2,False,True,0.01,temporal_consistency_gradient,3,residual_update,4.23026133,4.22283983,-0.00742150,,,,,,ok
token_larger_support_wide_hep_temporal_clipped_objective_gate_seed2,configs/token_larger_support_wide_hep_temporal_clipped_objective_gate_seed2.yaml,results/comparisons/colab_support_width_larger_char_token_temporal_clipped_objective_gate_seed2/runs/token_larger_support_wide_hep_temporal_clipped_objective_gate_seed2,supervised_ce,tiny_shakespeare_word,24,4,2,False,True,0.01,temporal_consistency_gradient,4,residual_update,4.23026133,4.21656084,-0.01370049,,,,,,ok
token_larger_support_wide_hep_temporal_clipped_objective_gate_seed2,configs/token_larger_support_wide_hep_temporal_clipped_objective_gate_seed2.yaml,results/comparisons/colab_support_width_larger_char_token_temporal_clipped_objective_gate_seed2/runs/token_larger_support_wide_hep_temporal_clipped_objective_gate_seed2,supervised_ce,tiny_shakespeare_word,24,4,2,False,True,0.01,temporal_consistency_gradient,5,residual_update,4.23026133,4.21172285,-0.01853848,,,,,,ok
token_larger_support_wide_hep_temporal_clipped_objective_gate_seed2,configs/token_larger_support_wide_hep_temporal_clipped_objective_gate_seed2.yaml,results/comparisons/colab_support_width_larger_char_token_temporal_clipped_objective_gate_seed2/runs/token_larger_support_wide_hep_temporal_clipped_objective_gate_seed2,supervised_ce,tiny_shakespeare_word,24,4,2,False,True,0.01,temporal_consistency_gradient,6,residual_update,4.23026133,4.20342159,-0.02683974,,,,,,ok
token_larger_support_wide_hep_temporal_clipped_objective_gate_seed2,configs/token_larger_support_wide_hep_temporal_clipped_objective_gate_seed2.yaml,results/comparisons/colab_support_width_larger_char_token_temporal_clipped_objective_gate_seed2/runs/token_larger_support_wide_hep_temporal_clipped_objective_gate_seed2,supervised_ce,tiny_shakespeare_word,24,4,2,False,True,0.01,temporal_consistency_gradient,7,residual_update,4.23026133,4.19604063,-0.03422070,,,,,,ok
token_larger_support_wide_hep_temporal_clipped_objective_gate_seed2,configs/token_larger_support_wide_hep_temporal_clipped_objective_gate_seed2.yaml,results/comparisons/colab_support_width_larger_char_token_temporal_clipped_objective_gate_seed2/runs/token_larger_support_wide_hep_temporal_clipped_objective_gate_seed2,supervised_ce,tiny_shakespeare_word,24,4,2,False,True,0.01,temporal_consistency_gradient,8,residual_update,4.23026133,4.18885183,-0.04140950,,,,,,ok
token_larger_support_wide_hep_temporal_clipped_objective_gate_seed2,configs/token_larger_support_wide_hep_temporal_clipped_objective_gate_seed2.yaml,results/comparisons/colab_support_width_larger_char_token_temporal_clipped_objective_gate_seed2/runs/token_larger_support_wide_hep_temporal_clipped_objective_gate_seed2,supervised_ce,tiny_shakespeare_word,24,4,2,False,True,0.01,temporal_consistency_gradient,9,residual_update,4.23026133,4.17978001,-0.05048132,,,,,,ok
token_larger_support_wide_hep_temporal_clipped_objective_gate_seed2,configs/token_larger_support_wide_hep_temporal_clipped_objective_gate_seed2.yaml,results/comparisons/colab_support_width_larger_char_token_temporal_clipped_objective_gate_seed2/runs/token_larger_support_wide_hep_temporal_clipped_objective_gate_seed2,supervised_ce,tiny_shakespeare_word,24,4,2,False,True,0.01,temporal_consistency_gradient,10,residual_update,4.23026133,4.16831160,-0.06194973,,,,,,ok
token_larger_support_wide_hep_temporal_clipped_objective_gate_seed2,configs/token_larger_support_wide_hep_temporal_clipped_objective_gate_seed2.yaml,results/comparisons/colab_support_width_larger_char_token_temporal_clipped_objective_gate_seed2/runs/token_larger_support_wide_hep_temporal_clipped_objective_gate_seed2,supervised_ce,tiny_shakespeare_word,24,4,2,False,True,0.01,temporal_consistency_gradient,11,residual_update,4.23026133,4.15645742,-0.07380391,,,,,,ok
token_larger_support_wide_hep_temporal_clipped_objective_gate_seed2,configs/token_larger_support_wide_hep_temporal_clipped_objective_gate_seed2.yaml,results/comparisons/colab_support_width_larger_char_token_temporal_clipped_objective_gate_seed2/runs/token_larger_support_wide_hep_temporal_clipped_objective_gate_seed2,supervised_ce,tiny_shakespeare_word,24,4,2,False,True,0.01,temporal_consistency_gradient,12,residual_update,4.23026133,4.14555216,-0.08470917,,,,,,ok
token_larger_support_wide_hep_temporal_clipped_objective_gate_seed2,configs/token_larger_support_wide_hep_temporal_clipped_objective_gate_seed2.yaml,results/comparisons/colab_support_width_larger_char_token_temporal_clipped_objective_gate_seed2/runs/token_larger_support_wide_hep_temporal_clipped_objective_gate_seed2,supervised_ce,tiny_shakespeare_word,24,4,2,False,True,0.01,temporal_consistency_gradient,13,residual_update,4.23026133,4.13168669,-0.09857464,,,,,,ok
token_larger_support_wide_hep_temporal_clipped_objective_gate_seed2,configs/token_larger_support_wide_hep_temporal_clipped_objective_gate_seed2.yaml,results/comparisons/colab_support_width_larger_char_token_temporal_clipped_objective_gate_seed2/runs/token_larger_support_wide_hep_temporal_clipped_objective_gate_seed2,supervised_ce,tiny_shakespeare_word,24,4,2,False,True,0.01,temporal_consistency_gradient,14,residual_update,4.23026133,4.11971092,-0.11055041,,,,,,ok
token_larger_support_wide_hep_temporal_clipped_objective_gate_seed2,configs/token_larger_support_wide_hep_temporal_clipped_objective_gate_seed2.yaml,results/comparisons/colab_support_width_larger_char_token_temporal_clipped_objective_gate_seed2/runs/token_larger_support_wide_hep_temporal_clipped_objective_gate_seed2,supervised_ce,tiny_shakespeare_word,24,4,2,False,True,0.01,temporal_consistency_gradient,15,residual_update,4.23026133,4.10489273,-0.12536860,,,,,,ok
token_larger_support_wide_hep_temporal_clipped_objective_gate_seed2,configs/token_larger_support_wide_hep_temporal_clipped_objective_gate_seed2.yaml,results/comparisons/colab_support_width_larger_char_token_temporal_clipped_objective_gate_seed2/runs/token_larger_support_wide_hep_temporal_clipped_objective_gate_seed2,supervised_ce,tiny_shakespeare_word,24,4,2,False,True,0.01,temporal_consistency_gradient,16,residual_update,4.23026133,4.08903646,-0.14122487,,,,,,ok
token_larger_support_wide_hep_temporal_clipped_objective_gate_seed2,configs/token_larger_support_wide_hep_temporal_clipped_objective_gate_seed2.yaml,results/comparisons/colab_support_width_larger_char_token_temporal_clipped_objective_gate_seed2/runs/token_larger_support_wide_hep_temporal_clipped_objective_gate_seed2,supervised_ce,tiny_shakespeare_word,24,4,2,False,True,0.01,temporal_consistency_gradient,17,residual_update,4.23026133,4.07498646,-0.15527487,,,,,,ok
token_larger_support_wide_hep_temporal_clipped_objective_gate_seed2,configs/token_larger_support_wide_hep_temporal_clipped_objective_gate_seed2.yaml,results/comparisons/colab_support_width_larger_char_token_temporal_clipped_objective_gate_seed2/runs/token_larger_support_wide_hep_temporal_clipped_objective_gate_seed2,supervised_ce,tiny_shakespeare_word,24,4,2,False,True,0.01,temporal_consistency_gradient,18,residual_update,4.23026133,4.05940485,-0.17085648,,,,,,ok
token_larger_support_wide_hep_temporal_clipped_objective_gate_seed2,configs/token_larger_support_wide_hep_temporal_clipped_objective_gate_seed2.yaml,results/comparisons/colab_support_width_larger_char_token_temporal_clipped_objective_gate_seed2/runs/token_larger_support_wide_hep_temporal_clipped_objective_gate_seed2,supervised_ce,tiny_shakespeare_word,24,4,2,False,True,0.01,temporal_consistency_gradient,19,residual_update,4.23026133,4.04391432,-0.18634701,,,,,,ok
token_larger_support_wide_hep_temporal_clipped_objective_gate_seed2,configs/token_larger_support_wide_hep_temporal_clipped_objective_gate_seed2.yaml,results/comparisons/colab_support_width_larger_char_token_temporal_clipped_objective_gate_seed2/runs/token_larger_support_wide_hep_temporal_clipped_objective_gate_seed2,supervised_ce,tiny_shakespeare_word,24,4,2,False,True,0.01,temporal_consistency_gradient,20,residual_update,4.23026133,4.02746344,-0.20279789,,,,,,ok
token_larger_support_wide_hep_temporal_clipped_objective_gate_seed2,configs/token_larger_support_wide_hep_temporal_clipped_objective_gate_seed2.yaml,results/comparisons/colab_support_width_larger_char_token_temporal_clipped_objective_gate_seed2/runs/token_larger_support_wide_hep_temporal_clipped_objective_gate_seed2,supervised_ce,tiny_shakespeare_word,24,4,2,False,True,0.01,temporal_consistency_gradient,21,residual_update,4.23026133,4.01186514,-0.21839619,,,,,,ok
token_larger_support_wide_hep_temporal_clipped_objective_gate_seed2,configs/token_larger_support_wide_hep_temporal_clipped_objective_gate_seed2.yaml,results/comparisons/colab_support_width_larger_char_token_temporal_clipped_objective_gate_seed2/runs/token_larger_support_wide_hep_temporal_clipped_objective_gate_seed2,supervised_ce,tiny_shakespeare_word,24,4,2,False,True,0.01,temporal_consistency_gradient,22,residual_update,4.23026133,3.99803710,-0.23222423,,,,,,ok
token_larger_support_wide_hep_temporal_clipped_objective_gate_seed2,configs/token_larger_support_wide_hep_temporal_clipped_objective_gate_seed2.yaml,results/comparisons/colab_support_width_larger_char_token_temporal_clipped_objective_gate_seed2/runs/token_larger_support_wide_hep_temporal_clipped_objective_gate_seed2,supervised_ce,tiny_shakespeare_word,24,4,2,False,True,0.01,temporal_consistency_gradient,23,residual_update,4.23026133,3.98132777,-0.24893356,,,,,,ok
token_larger_support_wide_hep_temporal_clipped_objective_gate_seed2,configs/token_larger_support_wide_hep_temporal_clipped_objective_gate_seed2.yaml,results/comparisons/colab_support_width_larger_char_token_temporal_clipped_objective_gate_seed2/runs/token_larger_support_wide_hep_temporal_clipped_objective_gate_seed2,supervised_ce,tiny_shakespeare_word,24,4,2,False,True,0.01,temporal_consistency_gradient,24,residual_update,4.23026133,3.96521950,-0.26504183,,,,,,ok
token_larger_support_wide_hep_temporal_clipped_objective_gate_seed2,configs/token_larger_support_wide_hep_temporal_clipped_objective_gate_seed2.yaml,results/comparisons/colab_support_width_larger_char_token_temporal_clipped_objective_gate_seed2/runs/token_larger_support_wide_hep_temporal_clipped_objective_gate_seed2,supervised_ce,tiny_shakespeare_word,24,4,2,False,True,0.01,temporal_consistency_gradient,25,residual_update,4.23026133,3.94956946,-0.28069187,,,,,,ok
token_larger_support_wide_hep_temporal_clipped_objective_gate_seed2,configs/token_larger_support_wide_hep_temporal_clipped_objective_gate_seed2.yaml,results/comparisons/colab_support_width_larger_char_token_temporal_clipped_objective_gate_seed2/runs/token_larger_support_wide_hep_temporal_clipped_objective_gate_seed2,supervised_ce,tiny_shakespeare_word,24,4,2,False,True,0.01,temporal_consistency_gradient,26,residual_update,4.23026133,3.93495917,-0.29530216,,,,,,ok
token_larger_support_wide_hep_temporal_clipped_objective_gate_seed2,configs/token_larger_support_wide_hep_temporal_clipped_objective_gate_seed2.yaml,results/comparisons/colab_support_width_larger_char_token_temporal_clipped_objective_gate_seed2/runs/token_larger_support_wide_hep_temporal_clipped_objective_gate_seed2,supervised_ce,tiny_shakespeare_word,24,4,2,False,True,0.01,temporal_consistency_gradient,27,residual_update,4.23026133,3.92056584,-0.30969549,,,,,,ok
token_larger_support_wide_hep_temporal_clipped_objective_gate_seed2,configs/token_larger_support_wide_hep_temporal_clipped_objective_gate_seed2.yaml,results/comparisons/colab_support_width_larger_char_token_temporal_clipped_objective_gate_seed2/runs/token_larger_support_wide_hep_temporal_clipped_objective_gate_seed2,supervised_ce,tiny_shakespeare_word,24,4,2,False,True,0.01,temporal_consistency_gradient,28,residual_update,4.23026133,3.90422702,-0.32603431,,,,,,ok
token_larger_support_wide_hep_temporal_clipped_objective_gate_seed2,configs/token_larger_support_wide_hep_temporal_clipped_objective_gate_seed2.yaml,results/comparisons/colab_support_width_larger_char_token_temporal_clipped_objective_gate_seed2/runs/token_larger_support_wide_hep_temporal_clipped_objective_gate_seed2,supervised_ce,tiny_shakespeare_word,24,4,2,False,True,0.01,temporal_consistency_gradient,29,residual_update,4.23026133,3.88678622,-0.34347511,,,,,,ok
token_larger_support_wide_hep_temporal_clipped_objective_gate_seed2,configs/token_larger_support_wide_hep_temporal_clipped_objective_gate_seed2.yaml,results/comparisons/colab_support_width_larger_char_token_temporal_clipped_objective_gate_seed2/runs/token_larger_support_wide_hep_temporal_clipped_objective_gate_seed2,supervised_ce,tiny_shakespeare_word,24,4,2,False,True,0.01,temporal_consistency_gradient,30,residual_update,4.23026133,3.87103128,-0.35923005,,,,,,ok
token_larger_support_wide_hep_temporal_clipped_objective_gate_seed2,configs/token_larger_support_wide_hep_temporal_clipped_objective_gate_seed2.yaml,results/comparisons/colab_support_width_larger_char_token_temporal_clipped_objective_gate_seed2/runs/token_larger_support_wide_hep_temporal_clipped_objective_gate_seed2,supervised_ce,tiny_shakespeare_word,24,4,2,False,True,0.01,temporal_consistency_gradient,31,residual_update,4.23026133,3.85527849,-0.37498284,,,,,,ok
token_larger_support_wide_hep_temporal_clipped_objective_gate_seed2,configs/token_larger_support_wide_hep_temporal_clipped_objective_gate_seed2.yaml,results/comparisons/colab_support_width_larger_char_token_temporal_clipped_objective_gate_seed2/runs/token_larger_support_wide_hep_temporal_clipped_objective_gate_seed2,supervised_ce,tiny_shakespeare_word,24,4,2,False,True,0.01,temporal_consistency_gradient,32,residual_update,4.23026133,3.84020829,-0.39005304,,,,,,ok
token_larger_support_wide_hep_temporal_clipped_objective_gate_seed2,configs/token_larger_support_wide_hep_temporal_clipped_objective_gate_seed2.yaml,results/comparisons/colab_support_width_larger_char_token_temporal_clipped_objective_gate_seed2/runs/token_larger_support_wide_hep_temporal_clipped_objective_gate_seed2,supervised_ce,tiny_shakespeare_word,24,4,2,False,True,0.01,temporal_consistency_gradient,33,residual_update,4.23026133,3.82444715,-0.40581418,,,,,,ok
token_larger_support_wide_hep_temporal_clipped_objective_gate_seed2,configs/token_larger_support_wide_hep_temporal_clipped_objective_gate_seed2.yaml,results/comparisons/colab_support_width_larger_char_token_temporal_clipped_objective_gate_seed2/runs/token_larger_support_wide_hep_temporal_clipped_objective_gate_seed2,supervised_ce,tiny_shakespeare_word,24,4,2,False,True,0.01,temporal_consistency_gradient,34,residual_update,4.23026133,3.80824232,-0.42201901,,,,,,ok
token_larger_support_wide_hep_temporal_clipped_objective_gate_seed2,configs/token_larger_support_wide_hep_temporal_clipped_objective_gate_seed2.yaml,results/comparisons/colab_support_width_larger_char_token_temporal_clipped_objective_gate_seed2/runs/token_larger_support_wide_hep_temporal_clipped_objective_gate_seed2,supervised_ce,tiny_shakespeare_word,24,4,2,False,True,0.01,temporal_consistency_gradient,35,residual_update,4.23026133,3.79267931,-0.43758202,,,,,,ok
token_larger_support_wide_hep_temporal_clipped_objective_gate_seed2,configs/token_larger_support_wide_hep_temporal_clipped_objective_gate_seed2.yaml,results/comparisons/colab_support_width_larger_char_token_temporal_clipped_objective_gate_seed2/runs/token_larger_support_wide_hep_temporal_clipped_objective_gate_seed2,supervised_ce,tiny_shakespeare_word,24,4,2,False,True,0.01,temporal_consistency_gradient,36,residual_update,4.23026133,3.77765107,-0.45261026,,,,,,ok
token_larger_support_wide_hep_temporal_clipped_objective_gate_seed2,configs/token_larger_support_wide_hep_temporal_clipped_objective_gate_seed2.yaml,results/comparisons/colab_support_width_larger_char_token_temporal_clipped_objective_gate_seed2/runs/token_larger_support_wide_hep_temporal_clipped_objective_gate_seed2,supervised_ce,tiny_shakespeare_word,24,4,2,False,True,0.01,temporal_consistency_gradient,37,residual_update,4.23026133,3.76257181,-0.46768952,,,,,,ok
token_larger_support_wide_hep_temporal_clipped_objective_gate_seed2,configs/token_larger_support_wide_hep_temporal_clipped_objective_gate_seed2.yaml,results/comparisons/colab_support_width_larger_char_token_temporal_clipped_objective_gate_seed2/runs/token_larger_support_wide_hep_temporal_clipped_objective_gate_seed2,supervised_ce,tiny_shakespeare_word,24,4,2,False,True,0.01,temporal_consistency_gradient,38,residual_update,4.23026133,3.74756193,-0.48269940,,,,,,ok
token_larger_support_wide_hep_temporal_clipped_objective_gate_seed2,configs/token_larger_support_wide_hep_temporal_clipped_objective_gate_seed2.yaml,results/comparisons/colab_support_width_larger_char_token_temporal_clipped_objective_gate_seed2/runs/token_larger_support_wide_hep_temporal_clipped_objective_gate_seed2,supervised_ce,tiny_shakespeare_word,24,4,2,False,True,0.01,temporal_consistency_gradient,39,residual_update,4.23026133,3.73269272,-0.49756861,,,,,,ok
token_larger_support_wide_hep_temporal_clipped_objective_gate_seed2,configs/token_larger_support_wide_hep_temporal_clipped_objective_gate_seed2.yaml,results/comparisons/colab_support_width_larger_char_token_temporal_clipped_objective_gate_seed2/runs/token_larger_support_wide_hep_temporal_clipped_objective_gate_seed2,supervised_ce,tiny_shakespeare_word,24,4,2,False,True,0.01,temporal_consistency_gradient,40,residual_update,4.23026133,3.71776462,-0.51249671,,,,,,ok
token_larger_support_wide_hep_temporal_clipped_objective_gate_seed2,configs/token_larger_support_wide_hep_temporal_clipped_objective_gate_seed2.yaml,results/comparisons/colab_support_width_larger_char_token_temporal_clipped_objective_gate_seed2/runs/token_larger_support_wide_hep_temporal_clipped_objective_gate_seed2,supervised_ce,tiny_shakespeare_word,24,4,2,False,True,0.01,temporal_consistency_gradient,41,residual_update,4.23026133,3.70325994,-0.52700139,,,,,,ok
token_larger_support_wide_hep_temporal_clipped_objective_gate_seed2,configs/token_larger_support_wide_hep_temporal_clipped_objective_gate_seed2.yaml,results/comparisons/colab_support_width_larger_char_token_temporal_clipped_objective_gate_seed2/runs/token_larger_support_wide_hep_temporal_clipped_objective_gate_seed2,supervised_ce,tiny_shakespeare_word,24,4,2,False,True,0.01,temporal_consistency_gradient,42,residual_update,4.23026133,3.68894053,-0.54132080,,,,,,ok
token_larger_support_wide_hep_temporal_clipped_objective_gate_seed2,configs/token_larger_support_wide_hep_temporal_clipped_objective_gate_seed2.yaml,results/comparisons/colab_support_width_larger_char_token_temporal_clipped_objective_gate_seed2/runs/token_larger_support_wide_hep_temporal_clipped_objective_gate_seed2,supervised_ce,tiny_shakespeare_word,24,4,2,False,True,0.01,temporal_consistency_gradient,43,residual_update,4.23026133,3.67484117,-0.55542016,,,,,,ok
token_larger_support_wide_hep_temporal_clipped_objective_gate_seed2,configs/token_larger_support_wide_hep_temporal_clipped_objective_gate_seed2.yaml,results/comparisons/colab_support_width_larger_char_token_temporal_clipped_objective_gate_seed2/runs/token_larger_support_wide_hep_temporal_clipped_objective_gate_seed2,supervised_ce,tiny_shakespeare_word,24,4,2,False,True,0.01,temporal_consistency_gradient,44,residual_update,4.23026133,3.66087103,-0.56939030,,,,,,ok
token_larger_support_wide_hep_temporal_clipped_objective_gate_seed2,configs/token_larger_support_wide_hep_temporal_clipped_objective_gate_seed2.yaml,results/comparisons/colab_support_width_larger_char_token_temporal_clipped_objective_gate_seed2/runs/token_larger_support_wide_hep_temporal_clipped_objective_gate_seed2,supervised_ce,tiny_shakespeare_word,24,4,2,False,True,0.01,temporal_consistency_gradient,45,residual_update,4.23026133,3.64726615,-0.58299518,,,,,,ok
token_larger_support_wide_hep_temporal_clipped_objective_gate_seed2,configs/token_larger_support_wide_hep_temporal_clipped_objective_gate_seed2.yaml,results/comparisons/colab_support_width_larger_char_token_temporal_clipped_objective_gate_seed2/runs/token_larger_support_wide_hep_temporal_clipped_objective_gate_seed2,supervised_ce,tiny_shakespeare_word,24,4,2,False,True,0.01,temporal_consistency_gradient,46,residual_update,4.23026133,3.63363147,-0.59662986,,,,,,ok
token_larger_support_wide_hep_temporal_clipped_objective_gate_seed2,configs/token_larger_support_wide_hep_temporal_clipped_objective_gate_seed2.yaml,results/comparisons/colab_support_width_larger_char_token_temporal_clipped_objective_gate_seed2/runs/token_larger_support_wide_hep_temporal_clipped_objective_gate_seed2,supervised_ce,tiny_shakespeare_word,24,4,2,False,True,0.01,temporal_consistency_gradient,47,residual_update,4.23026133,3.62018943,-0.61007190,,,,,,ok
token_larger_support_wide_hep_temporal_clipped_objective_gate_seed2,configs/token_larger_support_wide_hep_temporal_clipped_objective_gate_seed2.yaml,results/comparisons/colab_support_width_larger_char_token_temporal_clipped_objective_gate_seed2/runs/token_larger_support_wide_hep_temporal_clipped_objective_gate_seed2,supervised_ce,tiny_shakespeare_word,24,4,2,False,True,0.01,temporal_consistency_gradient,48,residual_update,4.23026133,3.60689807,-0.62336326,,,,,,ok
token_larger_support_wide_hep_temporal_clipped_objective_gate_seed2,configs/token_larger_support_wide_hep_temporal_clipped_objective_gate_seed2.yaml,results/comparisons/colab_support_width_larger_char_token_temporal_clipped_objective_gate_seed2/runs/token_larger_support_wide_hep_temporal_clipped_objective_gate_seed2,supervised_ce,tiny_shakespeare_word,24,4,2,False,True,0.01,temporal_consistency_gradient,49,residual_update,4.23026133,3.59387231,-0.63638902,,,,,,ok
token_larger_support_wide_hep_temporal_clipped_objective_gate_seed2,configs/token_larger_support_wide_hep_temporal_clipped_objective_gate_seed2.yaml,results/comparisons/colab_support_width_larger_char_token_temporal_clipped_objective_gate_seed2/runs/token_larger_support_wide_hep_temporal_clipped_objective_gate_seed2,supervised_ce,tiny_shakespeare_word,24,4,2,False,True,0.01,temporal_consistency_gradient,50,residual_update,4.23026133,3.58100390,-0.64925743,,,,,,ok
token_larger_support_wide_hep_temporal_clipped_objective_gate_seed2,configs/token_larger_support_wide_hep_temporal_clipped_objective_gate_seed2.yaml,results/comparisons/colab_support_width_larger_char_token_temporal_clipped_objective_gate_seed2/runs/token_larger_support_wide_hep_temporal_clipped_objective_gate_seed2,supervised_ce,tiny_shakespeare_word,24,4,2,False,True,0.01,temporal_consistency_gradient,50,hep_sweep,4.23026133,3.58100390,-0.64925743,0.00000000,3.58100390,0.00000000,0.61328125,0.00000000,ok
token_larger_support_wide_hep_temporal_clipped_objective_gate_seed2,configs/token_larger_support_wide_hep_temporal_clipped_objective_gate_seed2.yaml,results/comparisons/colab_support_width_larger_char_token_temporal_clipped_objective_gate_seed2/runs/token_larger_support_wide_hep_temporal_clipped_objective_gate_seed2,supervised_ce,tiny_shakespeare_word,24,4,2,False,True,0.01,temporal_consistency_gradient,50,hep_sweep,4.23026133,3.58100390,-0.64925743,0.25000000,3.58101559,0.00033915,0.61328125,0.00300944,ok
token_larger_support_wide_hep_temporal_clipped_objective_gate_seed2,configs/token_larger_support_wide_hep_temporal_clipped_objective_gate_seed2.yaml,results/comparisons/colab_support_width_larger_char_token_temporal_clipped_objective_gate_seed2/runs/token_larger_support_wide_hep_temporal_clipped_objective_gate_seed2,supervised_ce,tiny_shakespeare_word,24,4,2,False,True,0.01,temporal_consistency_gradient,50,hep_sweep,4.23026133,3.58100390,-0.64925743,0.50000000,3.58102822,0.00067849,0.61328125,0.00601768,ok
token_larger_support_wide_hep_temporal_clipped_objective_gate_seed2,configs/token_larger_support_wide_hep_temporal_clipped_objective_gate_seed2.yaml,results/comparisons/colab_support_width_larger_char_token_temporal_clipped_objective_gate_seed2/runs/token_larger_support_wide_hep_temporal_clipped_objective_gate_seed2,supervised_ce,tiny_shakespeare_word,24,4,2,False,True,0.01,temporal_consistency_gradient,50,hep_sweep,4.23026133,3.58100390,-0.64925743,1.00000000,3.58105326,0.00135659,0.61718750,0.01202822,ok
